2012,"""00010101""",נשיא,919,2014,"""00015101""",נשיא המדינה,36736,"""0010101,0010102"""
2012,"""00010102""",לשכת הנשיא,7335,2014,"""00015102""",נשיאי המדינה לשעבר,2470,"""0010103,0010104,0010105,0010106,0010107,0010109,0010110"""
2012,"""00010104""",לשכת הנשיא לשעבר נבון,1211,2014,"""00015201""",רזרבה,1135,"""0010201"""
2012,"""00010105""",לשכת אשת הנשיא לשעבר,512,,,,,
2012,"""00010106""",לשכת אשת הנשיא לשעבר,512,,,,,
2012,"""00010107""",לשכת הנשיא לשעבר - משה,1822,,,,,
2012,"""00010109""",אמרכלות,25426,,,,,
2012,"""00010110""","טיסות לחו""ל",4507,,,,,
2012,"""00010201""",רזרבות,1240,,,,,
2012,"""00030101""",חברי הממשלה,19603,,,,,
2012,"""00030102""",אבטחת שרים,91758,,,,,
2012,"""00040111""",שירותים מרכזיים,82463,2014,"""00040601""",שכר מנהלת תנופה,10287,"""00040601"""
2012,"""00040112""",המינהלה לפרוייקטים,70658,2014,"""00040603""",אמרכלות מנהלת תנופה,14269,"""00040603"""
2012,"""00040114""",מנהלת השירות האזרחי,65549,2014,"""00040604""",פעולות מנהלת תנופה,7081,"""00040604"""
2012,"""00040116""",מטה הסברה לאומי,6598,2014,"""00040608""",הסכמים לקבוצות על פי,34241,"""00040608"""
2012,"""00040119""",אמרכלות,47207,2014,"""00040610""",סיוע לפרטים - מגורים,30050,"""00040610"""
2012,"""00040120""",מערך הגיור,43986,2014,"""00040611""",סיוע לפרטים - תעסוקה,11640,"""00040611"""
2012,"""00040139""",אמרכלות ארכיון המדינה,23480,2014,"""00040612""",סיוע לעסקים,80995,"""00040612"""
2012,"""00040171""",מרכז בגין,5150,2014,"""00040614""",מימון פעולות משרדי,46639,"""00040614"""
2012,"""00040172""",מרכז רבין,4671,2014,"""00045101""",מטה המשרד,238783,"""00040111,00040119"""
2012,"""00040173""",מרכז הסברה,12450,2014,"""00045102""",מרכז ההסברה,16563,"""00040173"""
2012,"""00040212""",מזכירות הממשלה,4433,2014,"""00045103""",מערך הגיור,35846,"""00040120"""
2012,"""00040214""",יעוץ לראש הממשלה,7356,2014,"""00045104""",תמיכות בארגוני הנצחה,49263,"""00040253"""
2012,"""00040216""",לשכת ראש הממשלה לשעבר -,376,2014,"""00045105""",הרשות לקידום מעמד האשה,3825,"""00040221"""
2012,"""00040217""",לשכת ראש הממשלה לשעבר,3494,2014,"""00045106""",הרשות לפיתוח כלכלי של,22117,"""00040270"""
2012,"""00040218""",לשכת ראש הממשלה לשעבר,976,2014,"""00045107""",ארכיון המדינה,25889,"""00040131"""
2012,"""00040219""",אמרכלות ראשות הממשלה,53081,2014,"""00045108""",המטה הקיברנטי הלאומי,52773,"""00040122"""
2012,"""00040221""",הרשות לקידום מעמד האשה,21744,2014,"""00045109""",הוועדה הבינמשרדית,875,"""00040121"""
2012,"""00040228""",פרוייקטים לעידוד,85339,2014,"""00045110""",פרויקטים והחלטות ממשלה,202462,"""00040112"""
2012,"""00040247""",מחשב לכל ילד,7500,2014,"""00045111""",לשכת העיתונות הממשלתית,8778,"""00040510"""
2012,"""00040253""",תמיכות בארגוני הנצחה,9906,2014,"""00045112""",המטה להסדרת התיישבות,6843,"""00290818"""
2012,"""00040270""",הרשות לפיתוח כלכלי של,15887,2014,"""00045113""",הוועדה לבדיקת תחליפי,758,"""00040285"""
2012,"""00040271""",לשכת השר אבישי ברוורמן,18408,2014,"""00045201""",חברי הממשלה,82685,"""00030101"""
2012,"""00040273""",לשכת השר בני בגין,2159,2014,"""00045202""",המשרד לאזרחים ותיקים,73112,"""00040281"""
2012,"""00040274""",לשכת סגן השר איוב קרא,2202,2014,"""00045203""",משרד ההסברה והתפוצות,23743,"""00040277"""
2012,"""00040275""",לשכת השר יוסי פלד,2410,2014,"""00045204""",המשרד לעניינים,17042,"""00040282"""
2012,"""00040276""",לשכת השרה גילה גמליאל,2245,2014,"""00045209""",לשכת השר מיכאל איתן,1532,"""00040279"""
2012,"""00040277""",משרד ההסברה והתפוצות,45892,2014,"""00045211""",לשכת סגנית השר גילה,419,"""00040276"""
2012,"""00040278""",לשכת השר משולם נהרי,2248,2014,"""00045301""",הלשכה המרכזית,185071,"""00040302, 00040303"""
2012,"""00040279""",לשכת השר מיכאל איתן,2248,2014,"""00045302""",ביצוע סקרים חיצוניים,4392,"""00040304,00040305,00040306,00040311,00040313"""
2012,"""00040280""",לשכת השר לענייני,2306,2014,"""00045303""",רזרבה לביצוע סקרים,2096,"""00040315"""
2012,"""00040281""",המשרד לענייני גמלאים,65969,2014,"""00045401""",רבנות ראשית,17636,"""00040901,00040902,00040903,00040904,00040905,00040906,00040907,00040908"""
2012,"""00040282""",המשרד לעניינים,10994,2014,"""00045501""",נציבות שירות המדינה,74745,"""00041601,00041602,00041603,00041604,00041606,00041607"""
2012,"""00040283""",המשרד לענייני מודיעין,10341,2014,"""00045502""",תכניות מיוחדות,16106,"""00041605"""
2012,"""00040302""",לשכה מרכזית לסטטיסטיקה,113597,2014,"""00045601""",שיתוף פעולה אזורי,54220,"""00042301,00042302,00042303"""
2012,"""00040303""",אמרכלות,34340,2014,"""00045901""",נתיב,68679,"""00041501,00041502,00041503,00041505,00041507"""
2012,"""00040304""",מפקד אוכלוסין,39771,2014,"""00046101""",מרחב צפון,8099,"""00332803"""
2012,"""00040305""",סקר ארוך טווח,4392,2014,"""00046102""",מרחב מרכז,6799,"""00332805"""
2012,"""00040315""",רזרבה למפקד שוטף,11328,2014,"""00046103""",מרחב מרכז - הר חברון,1298,"""00332816"""
2012,"""00040401""",רזרבה למשרד ראש הממשלה,96201,2014,"""00046104""",מרחב דרום,8099,"""00332817"""
2012,"""00040510""",הנהלת הלשכה,7186,2014,"""00046105""",פעולות המטה,33908,"""00332818"""
2012,"""00040601""",שכר מנהלת תנופה,15531,2014,"""00046201""",מועצות דתיות,287994,"""00040801"""
2012,"""00040603""",אמרכלות מנהלת תנופה,3757,2014,"""00046202""",תמיכה בשירותי דת,10316,"""00040802"""
2012,"""00040604""",פעולות מנהלת תנופה,4150,2014,"""00046203""",בתי עלמין,20400,"""00040806"""
2012,"""00040608""",הסכמים לקבוצות על פי,40000,2014,"""00046204""",תמיכה בהקמת מוסדות דת,25414,"""00040809"""
2012,"""00040610""",סיוע לפרטים - מגורים,33572,2014,"""00046205""",שכר,18119,"""00040810"""
2012,"""00040611""",סיוע לפרטים - תעסוקה,23300,2014,"""00046206""",תפעול,13788,"""00040804"""
2012,"""00040612""",סיוע לעסקים,66400,2014,"""00046301""",שכר,12549,"""00042101"""
2012,"""00040614""",מימון פעולות משרדי,54390,2014,"""00046302""",תפעול,6020,"""00042102"""
2012,"""00040801""",מועצות דתיות,201756,2014,"""00046303""",פיתוח הנגב והגליל,118107,"""00042103"""
2012,"""00040802""",שירותי דת,74147,2014,"""00046304""",רזרבות,17962,"""00042303"""
2012,"""00040803""",בתי כנסת,75,2014,"""00046401""",שכר,12830,
2012,"""00040804""",רזרבות,11121,2014,"""00046402""",תפעול,7838,חדש
2012,"""00040806""",פתוח בתי עלמין,51976,2014,"""00047001""",רזרבה לעמידה במגבלה,159370,"""00040401"""
2012,"""00040809""",פיתוח מבני דת,33000,,,,,
2012,"""00040810""",שכר ואמרכלות,21703,,,,,
2012,"""00040901""",שכר,10531,,,,,
2012,"""00040902""",שירותי כוח אדם וייעוץ,509,,,,,
2012,"""00040903""",אמרכלות,6123,,,,,
2012,"""00040904""",מיכון,140,,,,,
2012,"""00040905""",הסברה אירועים,590,,,,,
2012,"""00040906""",פעולות למען הכשרות,265,,,,,
2012,"""00040907""",פעולות הרבנות הראשית,1600,,,,,
2012,"""00040908""",רזרבות להתייקרויות,556,,,,,
2012,"""00041501""",שכר עובדי נתיב,29845,,,,,
2012,"""00041502""",אמרכלות ופעולות,32087,,,,,
2012,"""00041505""",פרוייקט מיחשוב,3350,,,,,
2012,"""00041601""",תקציב שכר,34614,,,,,
2012,"""00041602""",אמרכלות,10746,,,,,
2012,"""00041604""",יחידת המיכון,8295,,,,,
2012,"""00041605""",פרויקט עתידים למגזר,2448,,,,,
2012,"""00041606""",רזרבה להתייקרויות,1614,,,,,
2012,"""00041607""","רזרבה לתכנית - ""צוערים",17397,,,,,
2012,"""00042101""",שכר,10188,,,,,
2012,"""00042102""",אמרכלות,8308,,,,,
2012,"""00042103""",קידום הנגב והגליל,150267,,,,,
2012,"""00042201""",תוכנית לחיזוק הצפון,10933,,,,,
2012,"""00042301""",שכר,12609,,,,,
2012,"""00042302""",שרותים מרכזיים,34890,,,,,
2012,"""00042303""",רזרבה,2775,,,,,
2012,"""00050101""",משרד ראשי,33529,2014,"""00055101""",מטה משרד האוצר,244158,"""00050101,00050102, 00050210"""
2012,"""00050102""",אמרכלות,74426,2014,"""00055102""",אגף התקציבים,13040,"""00050201"""
2012,"""00050105""",גמלאות,3815,2014,"""00055104""",החשב הכללי,65907,"""00050105,00050111,00050204,00050209,000500211,00050214,00050216,00050104"""
2012,"""00050111""",אגף נכסי נפקדים,1678,2014,"""00055105""","שוק ההון, ביטוח וחסכון",25928,"""00050320"""
2012,"""00050112""",לשכת סגן השר יצחק כהן,1617,2014,"""00055106""",שכר והסכמי עבודה,13674,"""00050231"""
2012,"""00050201""",אגף התקציבים,11680,2014,"""00055107""","מחקר, כלכלה והכנסות",19853,"""00050316,00050306"""
2012,"""00050204""",אגף החשב הכללי,46580,2014,"""00055108""","פעולות בחו""ל",8132,"""00050310,00050215"""
2012,"""00050205""",פיקוח על בצוע תקציב,7974,2014,"""00055110""",התקשוב הממשלתי,18618,"""00050213""
"
2012,"""00050207""",רשות התקשוב הממשלתית,9831,2014,"""00055111""",מנהל הדיור והרכש,467,"""00050217,00050208""
"
2012,"""00050208""",מנהל הדיור הממשלתי,7447,2014,"""00055112""",רשות החברות הממשלתיות,22238,"""00050901,00050902,00050903,00050904"""
2012,"""00050209""",פיקוח על המשק הממשלתי,63,2014,"""00055201""",רשות המיסים ראשי,1319126,"""00052001,00052002,00052003,00052004,00052005,00052006,00052007"""
2012,"""00050210""",מערכות מידע ומיכון,27162,2014,"""00055202""",שירותי עיבוד ממוכנים,112299,"""00051010,00051011,00051012,00051013"""
2012,"""00050211""","אמרכלות חשכ""ל",8579,2014,"""00055301""",רזרבה,142197,"""00050801"""
2012,"""00050212""","שירותים כלכליים בארה""ב",9431,,,,,
2012,"""00050213""",ממשל זמין,1000,,,,,
2012,"""00050215""",המשרד בוושינגטון,945,,,,,
2012,"""00050216""",ביקורת פנימית,640,,,,,
2012,"""00050217""",מנהל הרכש,5495,,,,,
2012,"""00050231""",אגף שכר והסכמי עבודה,11891,,,,,
2012,"""00050306""","אגף לקשרים בינ""ל",15744,,,,,
2012,"""00050310""",נציגות ב-OECD פריז,1618,,,,,
2012,"""00050316""",מינהל הכנסות המדינה,4544,,,,,
2012,"""00050320""",אגף שוק ההון ביטוח,21230,,,,,
2012,"""00050321""",רזרבה להתייקרויות,9287,,,,,
2012,"""00050801""",רזרבה לפעולות משרד,32082,,,,,
2012,"""00050901""",רשות החברות הממשלתיות,10449,,,,,
2012,"""00050902""",אמרכלות,8877,,,,,
2012,"""00050903""",רזרבות להתייקרויות,653,,,,,
2012,"""00050904""",מנהלת לישום השינוי,2135,,,,,
2012,"""00051010""",ניהול ומטה,6400,,,,,
2012,"""00051011""",תפעול היחידה - כח אדם,63078,,,,,
2012,"""00051012""",יחידת המחשב הוצאות,15898,,,,,
2012,"""00051013""",אמרכלות,9466,,,,,
2012,"""00052001""",תקציב שכר,1039454,,,,,
2012,"""00052002""",תקציב הוצאות שוטפות,112901,,,,,
2012,"""00052003""","תקציב נציגויות בחו""ל",3408,,,,,
2012,"""00052005""",אחזקת מבנים,154461,,,,,
2012,"""00052006""",מבצעים ואיסוף מידע,5600,,,,,
2012,"""00052007""",היחידה למלחמה בפשיעה,8902,,,,,
2012,"""00060101""",הנהלת המשרד,75620,2014,"""00062001""",כללי,108448,"""00060101,00060103,00060106,00060108"""
2012,"""00060103""",יעוץ משפטי,1027,2014,"""00062101""",הפיקוח הארצי על,15809,"""00060201"""
2012,"""00060108""",מחשוב,13809,2014,"""00062102""",מימון מפלגות רשויות,27757,"""00060205"""
2012,"""00060201""",פקוח ארצי על הבחירות,24574,2014,"""00062201""",שירותי דת שוטפים,58043,"""00062201"""
2012,"""00060205""",מימון מפלגות רשויות,13795,2014,"""00062202""",פיתוח מבני דת,3914,"""0006202"""
2012,"""00060301""",שירותים מרכזיים,9421,2014,"""00062301""",כללי,10319,"""00060701"""
2012,"""00060501""",שירותים מרכזיים לתיכנון,72722,2014,"""00062901""",רזרבה להתייקרויות +,5299,"""00060801"""
2012,"""00060504""",תכניות מתאר,26266,2014,"""00063001""",שכר וכוח אדם,57885,"""00060501"""
2012,"""00060506""",קידום איכות הבניה,4500,2014,"""00063002""","ייעוץ, תפעול ושירותי",48007,"""00060506,00060507,0060510,00060511,00060512"""
2012,"""00060507""",מדיניות ונהלי תכנון,2100,2014,"""00063003""",תכניות מתאר,13897,"""00060504"""
2012,"""00060511""",קידום תוכניות במגזרי,5000,2014,"""00063004""",רזרבות,3774,"""00060514"""
2012,"""00060512""",ועדת תכנון לתשתיות,6300,2014,"""00063101""",שכר וכוח אדם,13444,"""00060901"""
2012,"""00060514""",רזרבות,3650,2014,"""00063102""",תפעול וקניות,6919,חדש
2012,"""00060801""",רזרבה להתייקרויות,5227,2014,"""00063103""",רזרבות,516,"""00060903"""
2012,"""00060901""",היחידה הארצית לפיקוח,18421,,,,,
2012,"""00060903""",רזרבות,546,,,,,
2012,"""00061002""",תקציב נציבות כבאות,9119,,,,,
2012,"""00061501""",שירותי דת לעדות לא,46608,,,,,
2012,"""00061503""",מבני דת לא יהודיים,5563,,,,,
2012,"""00070101""",שיא כח אדם,186399,2014,"""00075001""",שכר,100132,"""00070101,00070104"""
2012,"""00070103""",שירותים מרכזיים,34330,2014,"""00075002""",קניות,478822,"""00070103,00070105,00070106"""
2012,"""00070104""",אמרכלות,241399,2014,"""00075003""",רזרבות - משרד לבטחון,19410,"""00070107"""
2012,"""00070105""",קרן בלאי רכב,186830,2014,"""00075501""",שכר,31671,"""00072001"""
2012,"""00070106""",רשות למלחמה בסמים,11783,2014,"""00075502""",קניות,21387,"""00072002"""
2012,"""00070107""",רזרבה להתייקרויות,20074,2014,"""00076001""",שכר,473732,"""00073001"""
2012,"""00070211""",כח אדם,4032952,2014,"""00076002""",קניות ופיתוח,136676,"""00073002,00073003"""
2012,"""00070221""",המטה הארצי,104008,2014,"""00076003""",רזרבה - כבאות,18866,חדש
2012,"""00070222""",אמרכלות משטרת ישראל,1048206,2014,"""00077001""",שכר,1603615,"""00071001,00071007"""
2012,"""00070223""",עיבוד נתונים תקשורת,70549,2014,"""00077002""",קניות,684606,"""00071009,00071010,00071014,00071015"""
2012,"""00070224""",רכישת שירותי כח אדם,293756,2014,"""00077003""","גמלאות שב""ס",412552,"""00071502"""
2012,"""00070225""",מערכת רישום ביקורת,11050,2014,"""00077004""","רזרבות - שב""ס",70823,"""00071020"""
2012,"""00070270""",שוטרים במוסדות ציבור -,1,2014,"""00078001""",שכר,4883683,"""00070211,00070222"""
2012,"""00070299""",רזרבה להתייקרויות,172292,2014,"""00078002""",קניות,1214398,"""00070223,00070225,00070226,00070227,00070228,00070230,00070231,00070255,00070256,00070260,00070261,00070265,00070266,00070270,00070271,00070280"""
2012,"""00071001""",כח אדם,1372566,2014,"""00078003""",רכישת שירותי כוח אדם,322440,"""00070224"""
2012,"""00071007""",אמרכלות,384391,2014,"""00078006""",המטה הארצי,19821,"""00070221"""
2012,"""00071009""",שמירה וביטחון,12311,2014,"""00078007""",רזרבות משטרה,202094,"""00070299"""
2012,"""00071010""",תעסוקה ויצור,12285,2014,"""00078008""",גמלאות משטרה,2507780,"""00071501"""
2012,"""00071014""",אמרכלות סוהרים,110513,,,,,
2012,"""00071015""",אמרכלות אסירים,183008,,,,,
2012,"""00071020""",רזרבה להתייקרויות,64202,,,,,
2012,"""00071501""",גמלאות משטרה,1693425,,,,,
2012,"""00071502""",גמלאות שירות בתי הסוהר,281644,,,,,
2012,"""00072001""",הרשות להגנה על עדים,21771,,,,,
2012,"""00072002""",שירותים מרכזיים,8067,,,,,
2012,"""00072010""",רזרבה להתייקרויות,923,,,,,
2012,"""00080101""",הנהלת המשרד,152459,2014,"""00085101""",מטה המשרד,474256,"""00080101"""
2012,"""00080102""",ייעוץ משפטי לממשלה,33222,2014,"""00085102""",ייעוץ משפטי לממשלה,42727,"""00080102"""
2012,"""00080103""",אמרכלות,234305,2014,"""00085103""",פרקליטות המדינה,244782,"""00080201"""
2012,"""00080104""",סיוע משפטי,54416,2014,"""00085104""",הסניגוריה הציבורית,165609,"""00080106"""
2012,"""00080105""",רשות למשפט וטכנולוגיה,2840,2014,"""00085105""",הסיוע המשפטי,61006,"""00080104"""
2012,"""00080106""",סניגוריה ציבורית,107848,2014,"""00085106""",הרשות למשפט וטכנולוגיה,4964,"""00080105"""
2012,"""00080107""",הרשות ליישום חוק איסור,5769,2014,"""00085107""",הרשות ליישום חוק איסור,9287,"""00080107"""
2012,"""00080109""",תלונות הציבור על שופטים,3438,2014,"""00085108""",תלונות הציבור על,3608,"""00080109"""
2012,"""00080110""",מנהלת יחידות מקצועיות,1892,2014,"""00085109""",מנהלת היחידות,667,"""00080110"""
2012,"""00080201""",הלשכה הראשית והמחוזות,218336,2014,"""00085110""",רישום והסדר המקרקעין,25995,"""00080301"""
2012,"""00080301""",רישום והסדר המקרקעין,23035,2014,"""00085112""",האפוטרופוס הכללי וכונס,62880,"""00080304"""
2012,"""00080304""",האפוטרופוס הכללי וכונס,61413,2014,"""00085113""",השמאי הממשלתי,6334,"""00080301,00080305"""
2012,"""00080305""",שומת מקרקעין,5829,2014,"""00085115""",היחידה לחקירות שוטרים,9993,"""00080501"""
2012,"""00080401""",מיכון משפטים,47934,2014,"""00085116""",נציבות שוויון זכויות,9134,"""0056"""
2012,"""00080501""",יחידה לחקירות שוטרים,9366,2014,"""00085202""",בתי הדין השרעים,16674,"""00080704"""
2012,"""00080601""",רזרבה,56091,2014,"""00085203""",בתי הדין הדרוזיים,4628,חדש. הסעיף הקודם פוצל
2012,"""00080704""",בתי דין שרעיים ודרוזיים,11309,2014,"""00085301""",בתי הדין,151895,"""00080801,00080803,00080804,00080805,00080806,00080807"""
2012,"""00080801""",שכר,106959,2014,"""00085401""",הוצאות שכר,983761,"""00082001,00082002,00082003,00082004,00082005,00082008"""
2012,"""00080803""",הנהלת בתי הדין הרבניים,450,2014,"""00085402""",הוצאות תפעול,331957,"""00082006,00082009,00082010,0008201100082012"""
2012,"""00080804""",אמרכלות,21967,2014,"""00085501""",מערכת ההוצאה לפועל,173416,"""00082101,00082102"""
2012,"""00080805""",מיכון,803,2014,"""00085601""",רזרבות,125749,"""00082103"""
2012,"""00080806""",רזרבות,3920,,,,,
2012,"""00080807""",בתי הדין הרבניים,7500,,,,,
2012,"""00081001""",רזרבה כוללת,17000,,,,,
2012,"""00082001""",הנהלת בתי משפט,481290,,,,,
2012,"""00082002""",בית המשפט העליון,14522,,,,,
2012,"""00082003""",בית המשפט המחוזי,131920,,,,,
2012,"""00082004""",בית משפט השלום,246187,,,,,
2012,"""00082005""",בתי דין לעבודה,35895,,,,,
2012,"""00082006""",רזרבות להתייקרויות,35780,,,,,
2012,"""00082008""",שופטי תעבורה בהשתתפות,189,,,,,
2012,"""00082009""",הוצאות כלליות,268825,,,,,
2012,"""00082101""",שכר,89852,,,,,
2012,"""00082102""",קניות,56403,,,,,
2012,"""00082103""",רזרבות להתייקרויות,4369,,,,,
2012,"""00090801""",הנהלת המשרד וכח אדם,146756,2014,"""00095101""",תפעול מטה בארץ,267755,"""00090801,00090802,00090803"""
2012,"""00090802""",אמרכלות מטה,91450,2014,"""00095102""","תפעול הנציגויות בחו""ל",1080028,"""00090901,00090902,00090903,00090904,00090905,00090909"""
2012,"""00090803""",מטה לנציגויות,30651,2014,"""00095103""","פעילות דיפלומטית בחו""ל",241926,"""00090906,00090907"""
2012,"""00090901""","שכר ונילוות בחו""ל",614589,2014,"""00096001""",רזרבה להתיקרויות,49015,"""00091001"""
2012,"""00090902""",תקשוב,64694,,,,,
2012,"""00090903""",אמרכלות ונכסי המדינה,135957,,,,,
2012,"""00090904""","אבטחת הנציגויות בחו""ל",206318,,,,,
2012,"""00090905""","אגף או""ם וארגונים",142512,,,,,
2012,"""00090906""","פעילות דיפלומטית בחו""ל",80967,,,,,
2012,"""00090907""",סיוע ושיתוף פעולה,36355,,,,,
2012,"""00090909""",פיתוח ובינוי נציגויות,14919,,,,,
2012,"""00091001""",רזרבה להתייקרויות,48336,,,,,
2012,"""00100101""",שכר,14927,2014,"""00105101""",מטה לביטחון לאומי,38960,"""00100101,00100102"""
2012,"""00100102""",אמרכלות,16628,2014,"""00105201""",רזרבה,1164,"""001000103"""
2012,"""00100103""",רזרבות,893,,,,,
2012,"""00110101""",הנהלה,5707,2014,"""00110101""",הנהלה,7266,"""00110101"""
2012,"""00110102""",תכנון עריכה ויעוץ,10958,2014,"""00110102""",תכנון עריכה ויעוץ,11862,"""00110102"""
2012,"""00110103""",אורחים ושתוף פעולה,225,2014,"""00110103""",אורחים ושתוף פעולה,256,"""00110103"""
2012,"""00110104""",הדרכה,4684,2014,"""00110104""",הדרכה,4444,"""00110104"""
2012,"""00110105""","אמרכלות שיא כ""א",2296,2014,"""00110105""","אמרכלות שיא כ""א",2455,"""00110105"""
2012,"""00110106""",אמרכלות רכישות,8208,2014,"""00110106""",אמרכלות רכישות,7515,"""00110106"""
2012,"""00110201""",בקורת משרדי ממשלה,66426,2014,"""00110201""",בקורת משרדי ממשלה,73063,"""00110201"""
2012,"""00110202""",ביקורת מערכת הבטחון,23953,2014,"""00110202""",ביקורת מערכת הבטחון,23209,"""00110202"""
2012,"""00110203""",ביקורת רשויות מקומיות,26898,2014,"""00110203""",ביקורת רשויות מקומיות,27631,"""00110203"""
2012,"""00110205""",ביקורת פעולות ע.נ.א,6000,2014,"""00110205""",ביקורת פעולות ע.נ.א,6318,"""00110205"""
2012,"""00110206""","ביקורת בחו""ל",50,2014,"""00110206""","ביקורת בחו""ל",75,"""00110206"""
2012,"""00110207""","אמרכלות שיא כ""א",14196,2014,"""00110207""","אמרכלות שיא כ""א",15174,"""00110207"""
2012,"""00110208""",אמרכלות רכישות,50739,2014,"""00110208""",אמרכלות רכישות,46459,"""00110208"""
2012,"""00110301""",הנהלה,2824,2014,"""00110301""",הנהלה,3492,"""00110301"""
2012,"""00110302""",טיפול בתלונות,22881,2014,"""00110302""",טיפול בתלונות,23929,"""00110302"""
2012,"""00110303""","אמרכלות שיא כ""א",4384,2014,"""00110303""","אמרכלות שיא כ""א",4686,"""00110303"""
2012,"""00110304""",אמרכלות רכישות,15670,2014,"""00110304""",אמרכלות רכישות,14348,"""00110304"""
2012,"""00110412""",דיור ובינוי,61550,2014,"""00110403""",ביקורת,1080,"""00110403"""
2012,"""00110501""",רזרבה לשכר,3890,2014,"""00110404""",מחשוב,9032,"""00110404"""
,,,,2014,"""00110407""",ביקורת על מימון בחירות,480,"""00110407"""
,,,,2014,"""00110408""",ביקורת מימון בחירות,265,"""00110408"""
,,,,2014,"""00110410""",אבטחה,1978,"""00110410"""
,,,,2014,"""00110416""",רכישת כלי רכב,480,"""00110416"""
,,,,2014,"""00110501""",רזרבה לשכר,5710,"""00110501"""
2012,"""00121101""",גמלאות מקופת המדינה,9141687,2014,"""00121101""",גמלאות מקופת המדינה,10033852,"""00121101"""
2012,"""00121102""","גמלאות עפ""י הסכמים",662187,2014,"""00121102""","גמלאות עפ""י הסכמים",829245,"""00121102"""
2012,"""00121201""",הסדר קרנות הפנסיה,3700000,2014,"""00121201""",הסדר קרנות הפנסיה,3800000,"""00121201"""
2012,"""00121301""",תפעול מנהלת הגמלאות,24321,2014,"""00121301""",תפעול מנהלת הגמלאות,34526,"""00121301"""
2012,"""00122001""",רזרבה,675,2014,"""00122001""",רזרבה,308153,"""00122001"""
2012,"""00130101""",פיצויים לנפגעים ונזקי,704,2014,"""00130101""",פיצויים לנפגעים ונזקי,530,"""00130101"""
2012,"""00130102""",השתתפויות ותרומות,75,2014,"""00130103""",הקלות במיסים,117082,"""00130103"""
2012,"""00130103""",הקלות במיסים,125843,2014,"""00130105""",הוצאות שונות,3358916,"""00130105"""
2012,"""00130104""",ריבית להוצאות משפטיות,543,2014,"""00130110""",שיפוי רשויות מקומיות,139100,"""00130110"""
2012,"""00130105""",הוצאות שונות,2294975,2014,"""00130119""",מימון הכח הרב לאומי,98875,"""00130119"""
2012,"""00130108""",השתתפות בחברה למפעלי,8693,2014,"""00130120""",פיתוח והפעלת תוכניות,1654,"""00130120"""
2012,"""00130110""",שיפוי רשויות מקומיות,18352,2014,"""00130122""",הפרטת בנקים,778,"""00130122"""
2012,"""00130119""",מימון הכח הרב לאומי,105330,2014,"""00130123""","פדיון אג""ח וניהול",2601,"""00130123"""
2012,"""00130120""",פיתוח והפעלת תוכניות,2229,2014,"""00130130""",רזרבה לפעולות מיוחדות,1229539,"""00130130"""
2012,"""00130122""",הפרטת בנקים,1010,,,,,
2012,"""00130123""","פדיון אג""ח וניהול",3377,,,,,
2012,"""00130126""",ניהול קרנות הון סיכון,304,,,,,
2012,"""00130130""",רזרבה לפעולות מיוחדות,899845,,,,,
2012,"""00140101""",מימון מפלגות שוטף,122614,2014,"""00141001""",מימון מפלגות שוטף,127480,"""00140101"""
2012,"""00140201""",רזרבה להתייקרויות,3386,2014,"""00142001""",הכנות לקראת הבחירות,11000,"""00143001"""
2012,"""00143001""",הכנות לקראת הבחירות,11000,2014,"""00149001""",רזרבה להתייקרויות +,4251,"""00143005"""
2012,"""00143005""",רזרבה להתייקרויות -,737,,,,,
2012,"""00150102""",תקציב הביטחון,50352073,2014,"""00150102""",תקציב הביטחון,50109744,"""00150102"""
,,,,2014,"""00150110""",מגן רקיע,38800,חדש
,,,,2014,"""00150201""",תקציב הרשות לפינוי,26190,"""00150201"""
,,,,2014,"""00153001""",תקציב פרוייקטי המעבר,602138,"""00153001"""
,,,,2014,"""00154001""",עלויות תכנון,75201,"""00154001"""
2012,"""00160201""",סופת חול,54292,2014,"""00161501""",כיבוי אש,24250,"""00160701"""
2012,"""00160202""","רכש ציוד אב""כ",47000,2014,"""00161601""",שכר,7473,"""00161001"""
2012,"""00160205""",מרכז חומרים מסוכנים,1609,2014,"""00161602""",הקמה ואחזקת מרכיבי,55040,"""00161005"""
2012,"""00160501""",תוכניות רב שנתיות,500,2014,"""00161603""",מיגון הניוד ביהודה,2913,"""00161004"""
2012,"""00160601""",רזרבה,8938,2014,"""00161604""",מיגון יישובי סובב עזה,1121,"""00161008"""
2012,"""00161001""",תקן קבע יעודי ותפעול,1553,2014,"""00161701""",שכר,25682,"""00161101"""
2012,"""00161002""","תכניות מיקלוט, מיגון",47590,2014,"""00161702""",תפעול,25220,חדש. הסעיף הקודם פוצל
2012,"""00161003""",תוכנית גאות ושפל-מיגון,11685,2014,"""00161703""",חיזוק עורף לאומי,164900,"""00160801"""
2012,"""00161004""","""אזורים בטחוניים",1141,2014,"""00161801""",רזרבה,9482,"""00160601"""
2012,"""00161005""",אחזקת מרכיבי ביטחון,14562,,,,,
2012,"""00161008""",מיגון יישובי סובב עזה,1143,,,,,
2012,"""00161101""",אמרכלות רשות החירום,14061,,,,,
2012,"""00173101""",מטה צבאי,35815,2014,"""00173101""",מטה צבאי,22074,"""00173101"""
2012,"""00173108""",יחידת הפיקוח,8843,2014,"""00173103""",מטה אזרחי,1553,"""00173103"""
2012,"""00173201""",מפקדה,18961,2014,"""00173108""",יחידת הפיקוח,17428,"""00172002"""
2012,"""00173301""",מטה,8821,2014,"""00173201""",מפקדה,46252,"""00173201"""
2012,"""00173302""",שכר אזרחים,7147,2014,"""00173301""",מטה,3651,"""00173301"""
2012,"""00173303""",פעולות,1245,2014,"""00173302""",שכר אזרחים,8993,"""00173302"""
,,,,2014,"""00173303""",פעולות,892,"""00173303"""
2012,,מענקים שוטפים לרשויות,3126024,2014,"""00181101""",כללי,3386152,"""00180101, 00180115, 00180301, 00180302, 00180303, 00180305,00180306"""
2012,"""00180115""",תוכנית הבראה,334108,2014,"""00189001""",רזרבה להתייקרויות +,103465,"""00180399"""
2012,"""00180301""",מענקים מיועדים,41958,,,,,
2012,"""00180302""",בטחון ברשויות המקומיות,3957,,,,,
2012,"""00180303""",הדרכה מחקרים וייעוץ,10775,,,,,
2012,"""00180305""",איגודי כבאות,244455,,,,,
2012,"""00180306""",תמיכות בקריות חינוך,10000,,,,,
2012,"""00180399""",רזרבה להתייקרויות,115332,,,,,
2012,"""00190101""",שירותים מרכזיים,37301,2014,"""00194001""",מדע וקהילה,25855,"""00190402"""
2012,"""00190102""",אמרכלות,17800,2014,"""00194002""",מחקר תשתיתי,39213,"""00190403"""
2012,"""00190103""",מחשוב,661,2014,"""00194003""",פעילות בינלאומית,76997,"""00190401"""
2012,"""00190401""",קידום קשרים בינלאומיים,38744,2014,"""00194004""",המועצה הלאומית למחקר,4594,"""00190701"""
2012,"""00190402""","מחקרים, פרוייקטים",19935,2014,"""00194101""",שכר,45182,"""00190101"""
2012,"""00190403""",תשתיות מדעיות,36978,2014,"""00194102""",תפעול,19105,"""00190102,00190103"""
2012,"""00190404""",המועצה הלאומית למחקר,5876,2014,"""00194201""",רשות העתיקות,63000,"""00192109"""
2012,"""00190701""",רזרבה,34870,2014,"""00194202""",מינהל התרבות,696690,"""00193103"""
2012,"""00192109""",רשות העתיקות,57113,2014,"""00194301""",תמיכה בספורט,139425,"""00193704"""
2012,"""00193103""",מינהל תרבות,642185,2014,"""00194302""",הרשות לנהיגה ספורטיבית,2588,"""00193703"""
2012,"""00193703""",הרשות לנהיגה ספורטיבית,3361,2014,"""00194401""",רזרבה להתייקרויות,17211,"""00190701"""
2012,"""00193704""",פעולות ותמיכות בספורט,125377,2014,"""00194402""",רזרבה לעמידה בכלל,844,חדש. הסעיף הקודם פוצל
2012,"""00202102""",פעולות לשכת הדובר,675,2014,"""00202102""",פעולות לשכת הדובר,2597,"""00202102"""
2012,"""00202103""",פעולות החשב,5887,2014,"""00202103""",פעולות החשב,9715,"""00202103"""
2012,"""00202104""",פרסי ישראל,2639,2014,"""00202104""",פרסי ישראל,2558,"""00202104"""
2012,"""00202105""",מיכון,97658,2014,"""00202105""",מיכון,113832,"""00202105"""
2012,"""00202106""",ארגוני הורים,121,2014,"""00202106""",ארגוני הורים,791,"""00202106"""
2012,"""00202107""",מחקרים וסטטיסטיקה,7546,2014,"""00202107""",מחקרים וסטטיסטיקה,6750,"""00202107"""
2012,"""00202108""",קשרי חוץ,4711,2014,"""00202108""",קשרי חוץ,4131,"""00202108"""
2012,"""00202109""",התאמת מערכת החינוך,223683,2014,"""00202109""",התאמת מערכת החינוך,125147,"""00202109"""
2012,"""00202111""",אגף החינוך הדתי,11991,2014,"""00202111""",אגף החינוך הדתי,31909,"""00202111"""
2012,"""00202112""",פעולות ויוזמות במערכת,2345,2014,"""00202112""",פעולות ויוזמות במערכת,2216,"""00202112"""
2012,"""00202113""",רזרבה לפעולות שונות,65796,2014,"""00202113""",רזרבה לפעולות שונות,68265,"""00202113"""
2012,"""00202114""",הקצבות לחינוך ותרבות,7,2014,"""00202114""",הקצבות לחינוך ותרבות,6,"""00202114"""
2012,"""00202116""",הרשות הארצית למדידה,49938,2014,"""00202116""",הרשות הארצית למדידה,45194,"""00202116"""
2012,"""00202117""",פעולות בשיתוף משרד,1800,2014,"""00202117""",פעולות בשיתוף משרד,1800,"""00202117"""
2012,"""00202120""",רזרבה להתייקרויות,1084273,2014,"""00202120""",רזרבה להתייקרויות,1319891,"""00202120"""
2012,"""00202121""",רזרבה לשכר,164010,2014,"""00202121""",רזרבה לשכר,170592,"""00202121"""
2012,"""00202201""",עובדי משרד,410070,2014,"""00202201""",עובדי משרד,456653,"""00202201"""
2012,"""00202203""",השתלמות והדרכה,12260,2014,"""00202203""",השתלמות והדרכה,11417,"""00202203"""
2012,"""00202204""",אחזקת המשרד,157163,2014,"""00202204""",אחזקת המשרד,164321,"""00202204"""
2012,"""00202206""",ביטחון ובטיחות במוסדות,65974,2014,"""00202206""",ביטחון ובטיחות במוסדות,78588,"""00202206"""
2012,"""00202301""",תנאי שרות,131820,2014,"""00202301""",תנאי שרות,142101,"""00202301"""
2012,"""00202302""",פעולות מיוחדות למורים,9331,2014,"""00202302""",פעולות מיוחדות למורים,9025,"""00202302"""
2012,"""00202303""",תמריצים למורים,28687,2014,"""00202303""",תמריצים למורים,26939,"""00202303"""
2012,"""00202305""",מוסדות להכשרת מורים,837529,2014,"""00202305""",מוסדות להכשרת מורים,872641,"""00202305"""
2012,"""00202306""",הלוואות מותנות לתלמידי,23574,2014,"""00202306""",הלוואות מותנות לתלמידי,18654,"""00202306"""
2012,"""00202307""",מרכזים פדגוגיים,16938,2014,"""00202307""",מרכזים פדגוגיים,20734,"""00202307"""
2012,"""00202308""",השתלמות מורים וגננות,52570,2014,"""00202308""",השתלמות מורים וגננות,35650,"""00202308"""
2012,"""00202309""","קורסים וימי עיון לעו""ה",2295,2014,"""00202310""",קרנות ומענקי השתלמות,173496,"""00202310"""
2012,"""00202310""",קרנות ומענקי השתלמות,741304,2014,"""00202311""",פיתוח מנהיגות בית,15091,"""00202311"""
2012,"""00202311""",פיתוח מנהיגות בית,15270,2014,"""00202401""",תכניות לקידום החינוך,14926,"""00202401"""
2012,"""00202401""",תכניות לקידום החינוך,17688,2014,"""00202402""",שירותי חינוך ורווחה,73549,"""00202402"""
2012,"""00202402""",שירותי חינוך ורווחה,93369,2014,"""00202404""",מענק ירושלים הבירה,10612,"""00202404"""
2012,"""00202404""",מענק ירושלים הבירה,13402,2014,"""00202405""",הוראת המקצועות תוכניות,244864,"""00202405"""
2012,"""00202405""",הוראת המקצועות תוכניות,204392,2014,"""00202406""",פעולות בחינוך הדרוזי,454,"""00202406"""
2012,"""00202406""",פעולות בחינוך הדרוזי,210,2014,"""00202408""",שירות פסיכולוגי,297011,"""00202408"""
2012,"""00202408""",שירות פסיכולוגי,257026,2014,"""00202409""",חינוך יהודי בתפוצות,6531,"""00202409"""
2012,"""00202409""",חינוך יהודי בתפוצות,8119,2014,"""00202410""",תמיכות מיוחדות,17678,"""00202410"""
2012,"""00202410""",תמיכות מיוחדות,16139,2014,"""00202411""",כח עזר פדגוגי,142129,"""00202411"""
2012,"""00202411""",כח עזר פדגוגי,112610,2014,"""00202412""","מתנס""ים",124945,"""00202412"""
2012,"""00202412""","מתנס""ים",112825,2014,"""00202414""",חינוך לא פורמאלי,279924,"""00202414"""
2012,"""00202414""",חינוך לא פורמאלי,236395,2014,"""00202416""",חינוך מבוגרים,71278,"""00202416"""
2012,"""00202416""",חינוך מבוגרים,61900,2014,"""00202417""",תוכניות ויוזמות,32380,"""00202417"""
2012,"""00202417""",תוכניות ויוזמות,38807,2014,"""00202419""",המזכירות הפדגוגית,49317,"""00202418"""
2012,"""00202418""",חינוך לדמוקרטיה ויהדות,16406,2014,"""00202505""",פעילות בחינוך קדם יסודי,1438,"""00202505"""
2012,"""00202505""",פעילות בחינוך קדם יסודי,1855,2014,"""00202510""",גני חובה,2348949,"""00202510"""
2012,"""00202510""",גני חובה,1186057,2014,"""00202511""",גני טרום חובה,2848334,"""00202511"""
2012,"""00202511""",גני טרום חובה,1612921,2014,"""00202602""",שירותי חינוך ורווחה,176398,"""00202602"""
2012,"""00202602""",שירותי חינוך ורווחה,131428,2014,"""00202605""",הוראת המקצועות תוכניות,120685,"""00202605"""
2012,"""00202605""",הוראת המקצועות תוכניות,137452,2014,"""00202609""",שירותי עזר במערכת,1411083,"""00202609"""
2012,"""00202609""",שירותי עזר במערכת,1272259,2014,"""00202611""",שעות תקן-חינוך יסודי,7900851,"""00202611"""
2012,"""00202611""",שעות תקן-חינוך יסודי,7663205,2014,"""00202612""",חינוך מיוחד,4708359,"""00202612"""
2012,"""00202612""",חינוך מיוחד,3317090,2014,"""00202615""",ילדים מחוננים,11787,"""00202615"""
2012,"""00202615""",ילדים מחוננים,13641,2014,"""00202619""",יישום חוק יום לימודים,670874,"""00202619"""
2012,"""00202619""",יישום חוק יום לימודים,95212,2014,"""00202620""",גידול טבעי במערכת,638311,"""00202620"""
2012,"""00202620""",גידול טבעי במערכת,381186,2014,"""00202703""","שעות תקן חט""ב",3164868,"""00202703"""
2012,"""00202703""","שעות תקן חט""ב",1962393,2014,"""00202704""","שירותי עזר בחט""ב",487392,"""00202704"""
2012,"""00202704""","שירותי עזר בחט""ב",438373,2014,"""00202705""",הוראת המקצועות תוכניות,85276,"""00202705"""
2012,"""00202705""",הוראת המקצועות תוכניות,97543,2014,"""00202706""",חינוך טכנולוגי ומדעי,115197,"""00202706"""
2012,"""00202706""",חינוך טכנולוגי ומדעי,110879,2014,"""00202708""",תלמידים בפנימיות ומרכזי,21813,"""00202708"""
2012,"""00202708""",תלמידים בפנימיות ומרכזי,21185,2014,"""00202709""",שכר לימוד על יסודי,6885966,"""00202709"""
2012,"""00202709""",שכר לימוד על יסודי,5809849,2014,"""00202710""",אגף הבחינות,267898,"""00202710"""
2012,"""00202710""",אגף הבחינות,285279,2014,"""00202711""",מלגות ומענקים לתלמידים,264424,"""00202711"""
2012,"""00202711""",מלגות ומענקים לתלמידים,61248,2014,"""00202712""",קידום ועידוד החינוך העל,47586,"""00202712"""
2012,"""00202712""",קידום ועידוד החינוך העל,37294,2014,"""00202715""",תמיכה בנוער מחונן,8098,"""00202715"""
2012,"""00202715""",תמיכה בנוער מחונן,6047,2014,"""00202716""",פעולות יוזמות בחינוך,9818,"""00202716"""
2012,"""00202716""",פעולות יוזמות בחינוך,15282,2014,"""00202801""",עובדי האגף,69378,"""00202801, 00202802"""
2012,"""00202801""",עובדי האגף,58448,2014,"""00202803""",אמרכלות,18277,"""00202803"""
2012,"""00202802""",שירותים מרכזים,1001,2014,"""00202804""",אחזקת תלמידים בפנימיות,682926,"""00202804"""
2012,"""00202803""",אמרכלות,19708,2014,"""00202805""",שירותי עזר ביסודי ז'-ט',74299,"""00202805"""
2012,"""00202804""",אחזקת תלמידים בפנימיות,564640,2014,"""00202806""",חינוך והוראה-שכר מורים,498750,"""00202806"""
2012,"""00202805""",שירותי עזר ביסודי ז'-ט',98397,2014,"""00202808""",תמיכה בבתי ספר,5005,"""00202808"""
2012,"""00202806""",חינוך והוראה-שכר מורים,445775,2014,"""00202809""",חינוך ימי תמיכה,41752,"""00202809"""
2012,"""00202808""",תמיכה בבתי ספר,72895,2014,"""00202811""","ביה""ס הממשלתי עין כרם",1,חדש
2012,"""00202809""",חינוך ימי תמיכה,40225,2014,"""00202817""",הוראת החקלאות ומקצועות,34424,"""00202817"""
2012,"""00202816""",יוזמות ופעולות מיוחדות,222,2014,"""00202819""",שעורי עזר ופעולות טפוח,45047,"""00202819"""
2012,"""00202817""",הוראת החקלאות ומקצועות,31525,2014,"""00202820""",שכר לימוד על יסודי,1195467,"""00202820"""
2012,"""00202818""","מרכזי נוער ובתי""ס",4828,2014,"""00202908""",חינוך עצמאי,1072201,"""00202908"""
2012,"""00202819""",שעורי עזר ופעולות טפוח,50324,2014,"""00202909""",פעולות החינוך העצמאי,207942,"""00202909"""
2012,"""00202820""",שכר לימוד על יסודי,974256,2014,"""00202910""",חינוך מוכר אחר,379732,"""00202910"""
2012,"""00202908""",חינוך עצמאי,887475,2014,"""00202915""",מעיין החינוך התורני,525582,"""00202915"""
2012,"""00202909""",פעולות החינוך העצמאי,174793,2014,"""00203003""",ישובים נתמכים,17313,"""00203003"""
2012,"""00202910""",חינוך מוכר אחר,315989,2014,"""00203004""",ייעוץ ופיקוח על הבניה,1995,"""00203004"""
2012,"""00202915""",מעיין החינוך התורני,356120,2014,"""00203005""",הסעת תלמידים,1008070,"""00203005"""
2012,"""00203003""",ישובים נתמכים,19528,2014,"""00203007""",בתי ספר חקלאיים,4085,"""00203007"""
2012,"""00203004""",ייעוץ ופיקוח על הבניה,2317,2014,"""00203009""",פיתוח לטלויזיה הלימודית,1159,"""00203009"""
2012,"""00203005""",הסעת תלמידים,862275,2014,"""00203011""",מענקים לפיתוח מבני,9850,"""00203011"""
2012,"""00203007""",בתי ספר חקלאיים,4394,2014,"""00203013""",שיפוץ מבני חינוך,186,"""00203013"""
2012,"""00203009""",פיתוח לטלויזיה הלימודית,1567,2014,"""00203015""","שיפוצים והצטיידות בבי""ס",40938,"""00203015"""
2012,"""00203011""",מענקים לפיתוח מבני,11679,2014,"""00203120""",מוסדות להשכלה,404,"""00203120"""
2012,"""00203013""",שיפוץ מבני חינוך,252,2014,"""00203122""",תרבות יהודית,37648,"""00203122"""
2012,"""00203015""","שיפוצים והצטיידות בבי""ס",45836,2014,"""00203202""","חינוך גופני בבתיה""ס",1351,"""00203202"""
2012,"""00203120""",מוסדות להשכלה,450,2014,"""00203301""",כח אדם,50832,"""00203301"""
2012,"""00203122""",תרבות יהודית,33762,2014,"""00203302""",הפקות עצמיות,20225,"""00203302"""
2012,"""00203202""","חינוך גופני בבתיה""ס",1800,2014,"""00203303""",הוצאות שידור,18009,"""00203303"""
2012,"""00203301""",כח אדם,34267,2014,"""00203304""",הנהלה וכלליות,8701,"""00203304"""
2012,"""00203302""",הפקות עצמיות,13178,2014,"""00203801""",רזרבה להעברה למוסדות,14049,"""00203801"""
2012,"""00203303""",הוצאות שידור,23706,2014,"""00203804""",תמיכה בכוללים,420964,"""00203804"""
2012,"""00203304""",הנהלה וכלליות,9790,2014,"""00203812""",תמיכות ומענקים למוסדות,19068,"""00203812"""
2012,"""00203801""",רזרבה להעברה למוסדות,14049,2014,"""00203821""",מלגת לימודים,109585,"""00203821"""
2012,"""00203804""",תמיכה בכוללים,909484,,,,,
2012,"""00203812""",תמיכות ומענקים למוסדות,8900,,,,,
2012,"""00203821""",מלגת לימודים,109753,,,,,
2012,"""00210101""",מינהל הועדה לתכנון,30500,2014,"""00211001""","מנהל מל""ג/ות""ת",47210,"""00210101"""
2012,"""00210201""",השתתפות בתקציבי,6650571,2014,"""00211101""",השתתפות במוסדות להשכלה,7866402,"""00210201"""
2012,"""00210301""",פעולות מחקר שונות,22969,2014,"""00211102""",סיוע לסטודנטים,209400,"""00210307"""
2012,"""00210302""",הקרן הלאומית למדע,294741,2014,"""00211103""",השתתפות בקרנות וארגוני,742270,"""00210410, 00210301, 00210302, 00210304"""
2012,"""00210304""",מכינות קדם אקדמיות,38417,2014,"""00211201""",רזרבה,263906,"""00210501"""
2012,"""00210307""",מרכז הסיוע לסטודנטים,150000,,,,,
2012,"""00210410""",השתתפות בתקציב,9247,,,,,
2012,"""00210501""",רזרבה להתייקרויות,218124,,,,,
2012,"""00210601""",מענקים לפיתוח מוסדות,50000,,,,,
2012,"""00230101""",מטה המשרד - כוח אדם,142757,2014,"""00230101""",מטה המשרד - כוח אדם,241440,"""00230101"""
2012,"""00230110""",שרותים מרכזיים משרד,8647,2014,"""00230110""",שרותים מרכזיים משרד,84034,"""00230110, 00230194, 00230140, 00230151, 00230141"""
2012,"""00230112""","האגף למערכות מידע,",34254,2014,"""00230112""","האגף למערכות מידע,",49524,"""00230112"""
2012,"""00230119""",אמרכלות,129621,2014,"""00230119""",אמרכלות,96142,"""00230119, 00230859"""
2012,"""00230126""",בית הספר המרכזי להכשרת,2620,2014,"""00230126""",בית הספר המרכזי להכשרת,2407,"""00230126"""
2012,"""00230132""",שירות יעוץ לאזרח,1550,2014,"""00230132""",שירות יעוץ לאזרח,13929,"""00230132, 00230134"""
2012,"""00230133""",ועדות ערר,1110,2014,"""00230133""",ועדות ערר,1054,"""00230133"""
2012,"""00230134""",היחידה להתנדבות,10814,2014,"""00230618""",שירותי איבחון,72223,"""00230618"""
2012,"""00230140""",הדרכה והשתלמויות,1696,2014,"""00230621""",נכים במסגרות חוץ,236477,"""00230621"""
2012,"""00230141""",קשרים בינלאומיים,153,2014,"""00230622""",טיפול קהילתי וביתי,299907,"""00230622"""
2012,"""00230151""",מחקר וקידום שירותים,2720,2014,"""00230662""",שיקום וטיפול בעוור,105888,"""00230662, 00230690"""
2012,"""00230194""",מינהל ומשק במוסדות,14863,2014,"""00230680""",מעונות ממשלתיים - כוח,14896,"""00230680"""
2012,"""00230618""",שירותי איבחון,70483,2014,"""00230681""",מעונות ממשלתיים לנכים,2323,"""00230681"""
2012,"""00230621""",נכים במסגרות חוץ,207187,2014,"""00230850""",אבחון אנשים עם פיגור,6367,"""00230850"""
2012,"""00230622""",טיפול קהילתי וביתי,238622,2014,"""00230855""",טיפול קהילתי וביתי,190509,"""00230855"""
2012,"""00230662""",שיקום וטיפול בעוור,92369,2014,"""00230856""",טפול חוץ ביתי,842886,"""00230856"""
2012,"""00230680""",מעונות ממשלתיים - כוח,13575,2014,"""00230871""",מעונות ממשלתיים,231812,"""00230871"""
2012,"""00230681""",מעונות ממשלתיים לנכים,2323,2014,"""00230880""",טיפול חוץ ביתי,151928,"""00230880"""
2012,"""00230690""",השתתפות בשיחות טלפון,28491,2014,"""00230881""",טיפול קהילתי באוטיסטים,27580,"""00230881"""
2012,"""00230850""",אבחון אנשים עם פיגור,9137,2014,"""00230902""",רזרבה להתייקרויות,176049,"""00230902"""
2012,"""00230855""",טיפול קהילתי וביתי,145167,2014,"""00231013""",כוח אדם ברשויות מקומיות,493268,"""00231013"""
2012,"""00230856""",טפול חוץ ביתי,692071,2014,"""00231014""",אירגון ומינהל ברשויות,5276,"""00231014"""
2012,"""00230859""",אמרכלות תכנון ונהול,751,2014,"""00231025""",פרט ומשפחה - צרכים,80029,"""00231025"""
2012,"""00230871""",מעונות ממשלתיים,198254,2014,"""00231026""",פרט ומשפחה - טיפול,54658,"""00231026"""
2012,"""00230880""",טיפול חוץ ביתי,109160,2014,"""00231038""",השרות לילד ונוער חוץ-,655530,"""00231038"""
2012,"""00230881""",טיפול קהילתי באוטיסטים,25865,2014,"""00231039""",השרות לילד ונוער טיפול,428397,"""00231039, 00231034,00231036"""
2012,"""00230902""",רזרבה להתייקרויות,152580,2014,"""00231040""",השרות לילד ולנוער -,214444,"""00231040"""
2012,"""00231013""",כוח אדם ברשויות מקומיות,508362,2014,"""00231042""",השירות לזקן- טיפול חוץ,119739,"""00231042"""
2012,"""00231014""",אירגון ומינהל ברשויות,5476,2014,"""00231043""",השירות לזקן טיפול,85224,"""00231043"""
2012,"""00231025""",פרט ומשפחה - צרכים,75260,2014,"""00231051""",השרות למען הילד (אימוץ),17511,"""00231051"""
2012,"""00231026""",פרט ומשפחה - טיפול,40564,2014,"""00231072""",עבודה קהילתית,12674,"""00231072"""
2012,"""00231034""",מעונות יום ומשפחתונים,182952,2014,"""00231073""",תוכנית לטיפול בעולים,11929,"""00231073"""
2012,"""00231035""","תוכנית ""קרן רש""י""",26049,2014,"""00231110""",קציני מבחן נוער,118011,"""00231110"""
2012,"""00231036""",סיוע לפנימיות,22751,2014,"""00231120""",מעונות ממשלתיים - רשות,24292,"""00231120"""
2012,"""00231038""",השרות לילד ונוער חוץ-,606636,2014,"""00231123""",שרות המבחן לנוער,9466,"""00231123"""
2012,"""00231039""",השרות לילד ונוער טיפול,180029,2014,"""00231124""",שרות המבחן למבוגרים,14796,"""00231124"""
2012,"""00231040""",השרות לילד ולנוער -,90949,2014,"""00231125""",השירות לטיפול,59293,"""00231125"""
2012,"""00231041""",השרות לזקן - תכנון,2109,2014,"""00231126""",שיקום אסירים,14436,"""00231126"""
2012,"""00231042""",השירות לזקן- טיפול חוץ,107795,2014,"""00231132""",השירות לשיקום נוער,1902,"""00231132"""
2012,"""00231043""",השירות לזקן טיפול,81519,2014,"""00231134""",השירות לשיקום נוער,18897,"""00231134"""
2012,"""00231051""",השרות למען הילד (אימוץ),16455,2014,"""00231164""",השירות לצעירים צעירות,43593,"""00231164"""
2012,"""00231072""",עבודה קהילתית,9789,2014,"""00231165""",השרות לטפול בנערות,55852,"""00231165"""
2012,"""00231073""",תוכנית לטיפול בעולים,12984,2014,"""00231166""",רשות חסות הנוער -,134330,"""00231166"""
2012,"""00231081""",שיקום שכונות,1092,2014,"""00231171""",רשות חסות הנוער -,42477,"""00231171"""
2012,"""00231110""",קציני מבחן נוער,106748,2014,"""00231203""",מוסדות ולשכות,33990,"""00231203"""
2012,"""00231120""",מעונות ממשלתיים - רשות,15166,2014,"""00231204""",פיתוח שרותים למפגר,3128,"""00231204"""
2012,"""00231121""",חוקרי ילדים,2881,2014,"""00231205""",מעונות ומפתנים,21162,"""00231205"""
2012,"""00231123""",שרות המבחן לנוער,5935,2014,"""00231206""",התקנות המשרד,475,"""00231206"""
2012,"""00231124""",שרות המבחן למבוגרים,6276,2014,"""00231209""",שירותים לזקן,519,"""00231209"""
2012,"""00231125""",השירות לטיפול,55746,2014,"""00231210""",שרותי שיקום,1013,"""00231210"""
2012,"""00231126""",שיקום אסירים,14236,,,,,
2012,"""00231132""",השירות לשיקום נוער,1307,,,,,
2012,"""00231134""",השירות לשיקום נוער,17171,,,,,
2012,"""00231164""",השירות לצעירים צעירות,38764,,,,,
2012,"""00231165""",השרות לטפול בנערות,43585,,,,,
2012,"""00231166""",רשות חסות הנוער -,84800,,,,,
2012,"""00231171""",רשות חסות הנוער -,42606,,,,,
2012,"""00231203""",מוסדות ולשכות,12574,,,,,
2012,"""00231204""",פיתוח שרותים למפגר,3298,,,,,
2012,"""00231205""",מעונות ומפתנים,3854,,,,,
2012,"""00231206""",התקנות המשרד,500,,,,,
2012,"""00231209""",שירותים לזקן,546,,,,,
2012,"""00231210""",שרותי שיקום,1066,,,,,
2012,"""00240201""",שכר מטה,143184,2014,"""00240201""",שכר מטה,195424,"""00240201"""
2012,"""00240202""","פעולות מרכזיות - כ""א",1971,2014,"""00240202""","פעולות מרכזיות - כ""א",510,"""00240202"""
2012,"""00240210""",מינהל ומשאבי אנוש,109880,2014,"""00240210""",מינהל ומשאבי אנוש,108536,"""00240210"""
2012,"""00240212""",מתמחים בפסיכולוגיה,6171,2014,"""00240212""",מתמחים בפסיכולוגיה,19784,"""00240212"""
2012,"""00240220""",חטיבת הבריאות,12609,2014,"""00240220""",חטיבת הבריאות,8369,"""00240220"""
2012,"""00240222""",מינהל טכנולוגיות,3500,2014,"""00240222""",מינהל טכנולוגיות,13093,"""00240222"""
2012,"""00240230""",יחידות מטה,36671,2014,"""00240230""",יחידות מטה,31964,"""00240230"""
2012,"""00240240""",ויסות פעילויות,98185,2014,"""00240240""",ויסות פעילויות,47791,"""00240240"""
2012,"""00240260""",המרכז הלאומי לבקרת,7994,2014,"""00240260""",המרכז הלאומי לבקרת,8097,"""00240260"""
2012,"""00240262""",המכון הרפואי לבטיחות,923,2014,"""00240262""",המכון הרפואי לבטיחות,1966,"""00240262"""
2012,"""00240298""",שירותי חירום,41182,2014,"""00240298""",שירותי חירום,44398,"""00240298"""
2012,"""00240299""",שעת חירום,13999,2014,"""00240299""",שעת חירום,9882,"""00240299"""
2012,"""00240403""",הכשרת אחיות,17609,2014,"""00240403""",הכשרת אחיות,4099,"""00240403"""
2012,"""00240409""",העסקת עולים,455,2014,"""00240409""",העסקת עולים,473,"""00240409"""
2012,"""00240418""",המכון לרפואה משפטית,9027,2014,"""00240418""",המכון לרפואה משפטית,10464,"""00240418"""
2012,"""00240422""",בית ספר לאחיות צפת,1674,2014,"""00240422""",בית ספר לאחיות צפת,1475,"""00240422"""
2012,"""00240424""",מרכז הדרכה לאזור הצפון,583,2014,"""00240424""",מרכז הדרכה לאזור הצפון,603,"""00240424"""
2012,"""00240425""","ביהס לטכנאי רנטגן-רמב""ם",638,2014,"""00240425""","ביהס לטכנאי רנטגן-רמב""ם",662,"""00240425"""
2012,"""00240426""","עירוני ממשלתי חיפה ע""ש",3732,2014,"""00240426""","עירוני ממשלתי חיפה ע""ש",3288,"""00240426"""
2012,"""00240429""","ע""ש מטיוס חדרה - בי""ס",2487,2014,"""00240429""","ע""ש מטיוס חדרה - בי""ס",2558,"""00240429"""
2012,"""00240430""","ע""ש שינבורן-מרכז רפואי",4188,2014,"""00240430""","ע""ש שינבורן-מרכז רפואי",3983,"""00240430"""
2012,"""00240431""",מרכז רפואי עירוני,238,2014,"""00240431""",מרכז רפואי עירוני,245,"""00240431"""
2012,"""00240434""","ביה""ח תל-השומר בי""ס",4546,2014,"""00240434""","ביה""ח תל-השומר בי""ס",4118,"""00240434"""
2012,"""00240440""",וולפסון תל גיבורים,3357,2014,"""00240440""",וולפסון תל גיבורים,3695,"""00240440"""
2012,"""00240442""","אסף הרופא בי""ס לאחיות",3742,2014,"""00240442""","אסף הרופא בי""ס לאחיות",4333,"""00240442"""
2012,"""00240443""",אסף הרופא בית ספר,230,2014,"""00240443""",אסף הרופא בית ספר,239,"""00240443"""
2012,"""00240446""",אסף הרופא- תל השומר,1641,2014,"""00240446""",אסף הרופא- תל השומר,1705,"""00240446"""
2012,"""00240450""",בית ספר לאחיות אשקלון,2739,2014,"""00240450""",בית ספר לאחיות אשקלון,2137,"""00240450"""
2012,"""00240462""",המופיליה,1844,2014,"""00240462""",המופיליה,1824,"""00240462"""
2012,"""00240463""",הסדר התמחות רופאים,1615,2014,"""00240463""",הסדר התמחות רופאים,934,"""00240463"""
2012,"""00240464""",מידע על הרעלות,1100,2014,"""00240464""",מידע על הרעלות,1143,"""00240464"""
2012,"""00240470""",מכון לרעלים תל השומר,2119,2014,"""00240470""",מכון לרעלים תל השומר,2182,"""00240470"""
2012,"""00240707""",מינהל הרפואה,140510,2014,"""00240707""",מינהל הרפואה,160288,"""00240707"""
2012,"""00240708""",העסקת מתמחים,8702,2014,"""00240708""",העסקת מתמחים,13702,"""00240708"""
2012,"""00240710""",האגף לגריאטריה,1150852,2014,"""00240710""",האגף לגריאטריה,1382097,"""00240710"""
2012,"""00240713""",שירותי בריאות הנפש,640668,2014,"""00240713""",שירותי בריאות הנפש,780041,"""00240713"""
2012,"""00240723""",בריאות השן,31195,2014,"""00240723""",בריאות השן,47359,"""00240723"""
2012,"""00240740""",רזרבה,42833,2014,"""00240740""",רזרבה,82889,"""00240740"""
2012,"""00241011""",פלימן חיפה - בית חולים,16639,2014,"""00241011""",פלימן חיפה - בית חולים,18486,"""00241011"""
2012,"""00241021""",פרדס חנה - מרכז גריאטרי,77699,2014,"""00241021""",פרדס חנה - מרכז גריאטרי,87814,"""00241021"""
2012,"""00241026""",נתניה - מרכז גריאטרי,49504,2014,"""00241026""",נתניה - מרכז גריאטרי,55946,"""00241026"""
2012,"""00241027""",נתניה - שרותי מכבסה-ליד,407,2014,"""00241027""",נתניה - שרותי מכבסה-ליד,720,"""00241027"""
2012,"""00241034""","שמואל הרופא, באר יעקב",34529,2014,"""00241034""","שמואל הרופא, באר יעקב",39453,"""00241034"""
2012,"""00241035""",שמואל הרופא - שרותי,163,2014,"""00241035""",שמואל הרופא - שרותי,326,"""00241035"""
2012,"""00241036""",ראשון לציון - מרכז,24418,2014,"""00241036""",ראשון לציון - מרכז,28092,"""00241036"""
2012,"""00241306""",מזרע - בית חולים לחולי,464,2014,"""00241306""",מזרע - בית חולים לחולי,100811,"""00241306"""
2012,"""00241316""",טירת הכרמל - מרכז,234,2014,"""00241307""",עכו ונהריה - שרות,4087,חדש
2012,"""00241326""",לב השרון - בית-חולים,244,2014,"""00241314""",טירת הכרמל - תחנה,764,חדש
2012,"""00241336""",בת-ים - מרכז לבריאות,162,2014,"""00241315""","חיפה-על יד בי""ח רמב""ם",1212,חדש
2012,"""00241337""",יפו - מרכז לגמילה מסמים,5322,2014,"""00241316""",טירת הכרמל - מרכז,89496,"""00241316"""
2012,"""00241341""",מעון יפו (18 מיטות),1,2014,"""00241317""",חיפה - שרות קהילתי,1674,חדש
2012,"""00241343""",יפו - מרכז קהילתי,499,2014,"""00241321""",שער מנשה - מרכז,129204,חדש
2012,"""00241346""",באר יעקב - מרכז,470,2014,"""00241322""",חדרה - שרות קהילתי,3614,חדש
2012,"""00241356""",רמלה - מרכז לבריאות,14937,2014,"""00241326""",לב השרון - בית-חולים,92755,"""00241326"""
2012,"""00241364""",מרכז גמילה מסמים -י-ם,1977,2014,"""00241327""",נתניה - שירות קהילתי,5837,חדש
2012,"""00241366""","בי""ח מאוחד לחולי נפש",131,2014,"""00241329""",תל השומר - תחנה,1053,חדש
2012,"""00241381""",באר-שבע - מרכז לבריאות,11379,2014,"""00241336""",בת-ים - מרכז לבריאות,106727,"""00241336"""
2012,"""00241383""",באר שבע - מרכז לגמילה,378,2014,"""00241337""",יפו - מרכז לגמילה מסמים,6030,"""00241337"""
2012,"""00241601""",מטה בריאות הציבור,386345,2014,"""00241341""",מעון יפו (18 מיטות),288,"""00241341"""
2012,"""00241605""",שיקום שכונות,6196,2014,"""00241343""",יפו - מרכז קהילתי,19022,"""00241343"""
2012,"""00241621""",מעבדות בריאות הציבור,5021,2014,"""00241344""",גוש דן - שרות קהילתי,13736,חדש
2012,"""00241622""",תל השומר - מעבדה מרכזית,9560,2014,"""00241346""",באר יעקב - מרכז,136564,"""00241346"""
2012,"""00241626""",מעבדות מרכזיות ירושלים,6589,2014,"""00241348""",רמלה לוד - תחנות,3236,חדש
2012,"""00241636""",לשכת הבריאות מחוז צפון,84588,2014,"""00241352""","רחובות ראשל""צ ויבנה-",6625,חדש
2012,"""00241641""",לשכת הבריאות מחוז חיפה,62063,2014,"""00241356""",רמלה - מרכז לבריאות,16849,"""00241356"""
2012,"""00241642""",חיפה - תחנה להתפתחות,1700,2014,"""00241362""",כפר שאול - שרותים,3944,חדש
2012,"""00241646""","לשכת בריאות מחוז ת""א",47103,2014,"""00241364""",מרכז גמילה מסמים -י-ם,2177,"""00241364"""
2012,"""00241651""",לשכת בריאות מחוז מרכז,69837,2014,"""00241366""","בי""ח מאוחד לחולי נפש",116248,"""00241366"""
2012,"""00241656""",לשכת בריאות מחוז י-ם,29054,2014,"""00241368""",איתנים - שרותים,4819,חדש
2012,"""00241661""",לשכת הבריאות מחוז,14943,2014,"""00241372""",תחנה לילד ונוער ירושלים,3068,חדש
2012,"""00241666""",לשכת הבריאות מחוז דרום,42686,2014,"""00241381""",באר-שבע - מרכז לבריאות,103673,"""00241381"""
2012,"""00241685""","תלמ""ר לשכת דרום",507,2014,"""00241383""",באר שבע - מרכז לגמילה,413,"""00241383"""
2012,"""00241920""",תמיכות והעברות לבתי,595262,2014,"""00241385""",תחנה לבריאות הנפש אילת,5307,חדש
2012,"""00241930""",תמיכות בארגונים,8277,2014,"""00241601""",מטה בריאות הציבור,476304,"""00241601"""
2012,"""00241948""",יעודה לתמיכה בקופות,230000,2014,"""00241605""",שיקום שכונות,3444,"""00241605"""
2012,"""00241950""",רזרבה להתייקרויות,14218,2014,"""00241621""",מעבדות בריאות הציבור,3636,"""00241621"""
2012,"""00242002""",ייעודה להשלמת עלות סל,423767,2014,"""00241622""",תל השומר - מעבדה מרכזית,10607,"""00241622"""
2012,"""00242003""",השלמת עלות סל שירותי,15646902,2014,"""00241626""",מעבדות מרכזיות ירושלים,4922,"""00241626"""
2012,"""00243010""",רזרבה להתיקרויות שכר,27790,2014,"""00241636""",לשכת הבריאות מחוז צפון,100590,"""00241636"""
2012,"""00243020""",רזרבה להתיקרויות- קניות,91633,2014,"""00241641""",לשכת הבריאות מחוז חיפה,70112,"""00241641"""
2012,"""00243030""",הפחתות שירותי מכבסה,4040,2014,"""00241642""",חיפה - תחנה להתפתחות,1845,"""00241642"""
2012,"""00243110""",עתודה להסכמי תקינה,25521,2014,"""00241646""","לשכת בריאות מחוז ת""א",48085,"""00241646"""
,,,,2014,"""00241651""",לשכת בריאות מחוז מרכז,78771,"""00241651"""
,,,,2014,"""00241656""",לשכת בריאות מחוז י-ם,34170,"""00241656"""
,,,,2014,"""00241661""",לשכת הבריאות מחוז,19045,"""00241661"""
,,,,2014,"""00241666""",לשכת הבריאות מחוז דרום,59493,"""00241666"""
,,,,2014,"""00241685""","תלמ""ר לשכת דרום",272,"""00241685"""
,,,,2014,"""00241920""",תמיכות והעברות לבתי,686244,"""00241920"""
,,,,2014,"""00241930""",תמיכות בארגונים,8114,"""00241930"""
,,,,2014,"""00241948""",יעודה לתמיכה בקופות,405000,"""00241948"""
,,,,2014,"""00241950""",רזרבה להתייקרויות,189218,"""00241950"""
,,,,2014,"""00242002""",ייעודה להשלמת עלות סל,656711,"""00242002"""
,,,,2014,"""00242003""",השלמת עלות סל שירותי,16421378,"""00242003"""
,,,,2014,"""00243010""",רזרבה להתיקרויות שכר,57047,"""00243010"""
,,,,2014,"""00243020""",רזרבה להתיקרויות- קניות,111338,"""00243020"""
,,,,2014,"""00243030""",הפחתות שירותי מכבסה,4040,"""00243030"""
,,,,2014,"""00243110""",עתודה להסכמי תקינה,23721,"""00243110"""
2012,"""00250111""",הנהלה,12663,2014,"""00250101""",שכר ונלוות,17979,
2012,"""00250112""",אמרכלות,26695,2014,"""00250102""",אמרכלות,33560,
2012,"""00250122""",תגמולים והענקות,292598,2014,"""00250201""",תגמולים ישירים,2223838,
2012,"""00250131""",טיפול ושיקום רפואי,374399,2014,"""00250202""",טיפול רפואי ושירותים,1011823,
2012,"""00250132""",תגמולים והענקות נכי,1953227,2014,"""00250301""","רזרבה לתגמולים,",101510,
2012,"""00250134""",רזרבה להתייקרויות,83493,,,,,
2012,"""00250135""",יישום חוק הטבות,48488,,,,,
2012,"""00260101""",הנהלת המשרד,114899,2014,"""00261101""",שכר,135819,"""00260101"""
2012,"""00260102""",מחשוב,4616,2014,"""00261102""",תפעול,64672,"""00260102,00260104"""
2012,"""00260104""",דיור המשרד,19147,2014,"""00261201""",פעולות יחידות המשרד,106222,"""00260303, 00260308, 00260312, 00260314, 00260320, 00260328, 00260340, 00260341""   "
2012,"""00260303""",אשכול משאבי טבע,36622,2014,"""00261304""",הקרן למניעת זיהום הים,7300,"""00260601"""
2012,"""00260314""",אשכול שלטון מקומי,17393,2014,"""00262601""",רזרבות,9437,"""00269801"""
2012,"""00260320""",אשכול יישום מדיניות,5231,,,,,
2012,"""00260328""",אשכול תכנון ומדיניות,16623,,,,,
2012,"""00260340""",אשכול תעשיות,41581,,,,,
2012,"""00260341""",פרוייקטים סביבתיים,35390,,,,,
2012,"""00269702""",פעולות בעלי חיים,1645,,,,,
2012,"""00269801""",רזרבה להתייקרויות,7374,,,,,
2012,"""00270101""",השתתפות המדינה על פי,19626826,2014,"""00271101""",השתתפות בגבייה,18046152,"""00270101"""
2012,"""00270102""",השתתפות במימון קצבאות,1167605,2014,"""00271102""",השתתפויות אחרות,1542607,"""00270102"""
2012,"""00270201""",חוק הבטחת הכנסה,4350859,2014,"""00271201""",קצבאות וחוקים ייעודיים,5796572,"""00270201, 00270202"""
2012,"""00270202""",חוקים לאוכלוסיות אחרות,1053460,2014,"""00271202""",הסכמים סעיף 9,4081803,"""00270301,00270302,00270304"" "
2012,"""00270301""",גמלאות לאוכלוסיות,2279034,2014,"""00271301""",השתתפות בהוצאות מינהל,359976,"""00270501"""
2012,"""00270302""",סיוע לנכים,1397461,2014,"""00271401""",רזרבה,922488,"""00270801"""
2012,"""00270304""",הסכמים לאוכלוסיות,6145,,,,,
2012,"""00270501""",הוצאות מינהל,273273,,,,,
2012,"""00270801""",רזרבה להתייקרויות,934519,,,,,
2012,"""00290601""",שכר,128348,2014,"""00290101""",שכר,139386,"""00290601, 00290605"""
2012,"""00290605""",רזרבה להתייקרויות שכר,4275,2014,"""00290102""",תפעול,41816,"""00290801, 00290803, 00290816"" "
2012,"""00290606""",שכר רשות הבדואים,9937,2014,"""00290103""",פעולות אכלוס,2670,"""00290809, 00290805, 00290806, 00290807, 00290811, 00290817"" "
2012,"""00290801""",הנהלת המשרד,4227,2014,"""00290201""",שיקום שכונות חברתי,1000,"""00290814"""
2012,"""00290803""",חשבות,298,2014,"""00290401""",רזרבה לעמידה ביעד,1335,"""00290825"""
2012,"""00290805""",השתתפויות,18537,,,,,
2012,"""00290806""",יחידת המדען הראשי,704,,,,,
2012,"""00290807""",היחידה לעיבוד נתונים,4365,,,,,
2012,"""00290809""",אגף אכלוס,3000,,,,,
2012,"""00290811""",נכסים ודיור,609,,,,,
2012,"""00290814""",שיקום שכונות,5800,,,,,
2012,"""00290816""",אמרכלות,18309,,,,,
2012,"""00290817""",רשם הקבלנים,458,,,,,
2012,"""00290818""",הסדרת ההתיישבות,5520,,,,,
2012,"""00290825""",רזרבה,1788,,,,,
2012,"""00300101""",שכר,70790,2014,"""00301101""",שכר,88363,"""00300101"""
2012,"""00300111""",הנהלת המשרד - הסברה,910,2014,"""00301102""",מינהל ואמרכלות,65019,"""00300111, 00300112, 00300121, 00300132, 00300135"" "
2012,"""00300112""",אמרכלות,29253,2014,"""00301201""",דיור,424794,"""00300503"""
2012,"""00300121""",תכנון ומחקר,592,2014,"""00301202""","תעסוקה, מדע ויזמות",170884,"""00300212, 00300215, 00300217, 00300219, 00300220, 00300221, 00300223, 00300226, 00300614, 00300615"""
2012,"""00300132""",מידע לעולים,549,2014,"""00301203""",סטודנטים עולים,72000,"""00300503"""
2012,"""00300135""",מחשוב,9399,2014,"""00301204""",קליטה בקהילה,28890,"""00300411"""
2012,"""00300212""",קבלת עולים והסעתם,1776,2014,"""00301205""",סיוע לאוכלוסיות,5050,"""00300214"""
2012,"""00300214""",סיוע לאוכלוסיות יחודיות,41292,2014,"""00301206""",קליטת עולי אתיופיה,91551,"""00300225"""
2012,"""00300215""",פעולות עם נוער עולה,417,2014,"""00301207""",תכנית החומש לקליטת בני,12000,"""00300811"""
2012,"""00300217""",שרותים לעולים קשישים,9742,2014,"""00301208""",עידוד עלייה,8481,"""00301001"""
2012,"""00300219""",סיוע בקידום העסקה,11223,2014,"""00301301""",סל קליטה ראשוני,406996,"""00300502"""
2012,"""00300220""",סיוע בתעסוקת עולים,23551,2014,"""00301401""",רזרבה,41030,"""00300711"""
2012,"""00300221""",סיוע לאמנים וספורטאים,1752,,,,,
2012,"""00300223""",סיוע בתעסוקת עולים,5245,,,,,
2012,"""00300225""",קליטת הבאים מאתיופיה,62197,,,,,
2012,"""00300226""","דמי קיום בקורסים,",66031,,,,,
2012,"""00300503""",פעולות מינהל הסטודנטים,31809,,,,,
2012,"""00300411""",פעולות קליטה בקהילה,25684,,,,,
2012,"""00300502""",קליטה ישירה מארצות,310848,,,,,
2012,"""00300503""",מקבצי דיור - השלמת שכר,413001,,,,,
2012,"""00300611""",שירותים מרכזיים נהול,1194,,,,,
2012,"""00300614""",סיוע במלגות למדענים,15309,,,,,
2012,"""00300615""",תכנית קליטת מדענים,89894,,,,,
2012,"""00300711""",רזרבה להתיקרויות,37276,,,,,
2012,"""00300811""",תכנית החומש לקליטת בני,12000,,,,,
2012,"""00301001""",תוכנית לעידוד העלייה,24617,,,,,
2012,"""00320201""",תמיכות לפי חוק הגליל,102164,2014,"""00322001""",סובסידיה לתחבורה,5324268,"""00320802, 00320804, 00320805, 00320808, 00320809"" "
2012,"""00320202""",תמיכות מוצרים ציבוריים,16120,2014,"""00323001""",תמיכות בספקי המים,67061,"""00320611"""
2012,"""00320205""",תמיכות בייצוא תוצרת,5000,2014,"""00323101""",משק לשעת חירום,142903,"""00321001"""
2012,"""00320208""",תמיכה בביטוח פגעי טבע,123207,2014,"""00325001""",תמיכות שנתיות ביצרן,397677,"""00320204,00320201,00332714,00320208,00320202"""
2012,"""00320209""",תמיכות שונות בחקלאות,31226,2014,"""00325002""",תמיכות רב שנתיות ביצרן,234894,"""00332703,00332710,00332704,00320205,00320210"""
2012,"""00320210""",מרכזי מחקר ופיתוח,5000,2014,"""00325003""",תמיכות רב שנתיות,48453,"""00333405,00333406,0033402"""
2012,"""00320225""",רזרבה,8284,2014,"""00325004""",תמיכות שנתיות שונות,46123,"""00320408,333001"""
2012,"""00320301""",תמיכות שונות לפי חוק,4500,2014,"""00325005""",תמיכות רב שנתיות שונות,91395,"""00333403"""
2012,"""00320402""",תמיכות אחרות,3990,2014,"""00325006""",תמיכות שנתיות במחקר,1847,לא יודע
2012,"""00320404""","מלאי חירום (מל""ח)",71118,2014,"""00325007""",תמיכות רב שנתיות במחקר,120614,"""00333101,00333103,00333401"""
2012,"""00320406""",רזרבה להתייקרויות,6816,2014,"""00325101""",תמיכות לפי חוק צער,4965,"""00320301"""
2012,"""00320408""",שיפוי יצואנים,10830,2014,"""00325201""",רזרבה להתייקרויות,542045,"""00320620"""
2012,"""00320501""",תמיכות במוצרים,225925,,,,,
2012,"""00320607""",תמיכות בחקלאות,142121,,,,,
2012,"""00320611""",תמיכות בספקי מים,17706,,,,,
2012,"""00320620""",רזרבה להתייקרויות,4943,,,,,
2012,"""00320802""",מימון הנחות לתושבים,3000,,,,,
2012,"""00320804""",תמיכה ישירה בתעריפים,2570542,,,,,
2012,"""00320805""",מימון רכישת אוטובוסים,356451,,,,,
2012,"""00320808""",סובסידיה לרכבת,331984,,,,,
2012,"""00320809""",תמיכות שונות,21000,,,,,
2012,"""00321001""",משק לשעת חירום,1695,,,,,
2012,"""00321002""",הוצאות משק הדלק,148069,,,,,
2012,"""00321003""",רזרבה להתייקרויות,4627,,,,,
2012,"""00331206""","פיצוי עפ""י חוק נפגעי",13,2014,"""00330101""",הוצאות שכר,190029,"""00332101, 0033206,0033208,00332201,00332202, 00332301,00333101,00333401"""
2012,"""00332101""",מטה המשרד,50586,2014,"""00330102""",הוצאות לתפעול ולפעילות,97242,"""00332102,00332103,00332105, 00333410"""
2012,"""00332102""",אמרכלות,35269,2014,"""00330201""",הוצאות שכר,161376,"""00332401"""
2012,"""00332103""",שירות למערכות מידע,6247,2014,"""00330202""",הוצאות תפעול ופעולות,56734,הסעיף הקודם פוצל
2012,"""00332105""",פיתוח הכפר,2849,2014,"""00330301""",רזרבה להתייקרויות,9650,"""00333501"""
2012,"""00332201""",הגנת הצומח,18080,2014,"""00330302""",רזרבה להתייקרויות,6666,"""00333502,00333503"""
2012,"""00332202""",שירותים וטרינרים,36306,,,,,
2012,"""00332204""",דייג,7355,,,,,
2012,"""00332205""",שמור הקרקע,5065,,,,,
2012,"""00332206""",מחוזות,15347,,,,,
2012,"""00332208""",יחידת הפיקוח על הצומח,14695,,,,,
2012,"""00332301""",שירותים מרכזיים,42345,,,,,
2012,"""00332305""",השירות לשיתוף בינלאומי,56,,,,,
2012,"""00332401""",הנהלה ומינהל,168516,,,,,
2012,"""00332502""",שיתופי פעולה בין,6274,,,,,
2012,"""00332602""",חוק המושבים,5500,,,,,
2012,"""00332604""",עתודה להתייקרויות,300,,,,,
2012,"""00332606""",עתודה,2994,,,,,
2012,"""00332703""",מענקי השקעות לפי חוק,4228,,,,,
2012,"""00332704""",מענקים משלימים,4966,,,,,
2012,"""00332707""",מענקים מיוחדים,46677,,,,,
2012,"""00332714""",מענקים להתייעלות בענף,81698,,,,,
2012,"""00332803""",מרחב הצפון,8877,,,,,
2012,"""00332805""",מרחב מרכז,7408,,,,,
2012,"""00332816""",מרחב מרכז - הר חברון,1739,,,,,
2012,"""00332817""",מרחב דרום - אזור נגב,8877,,,,,
2012,"""00332818""",מטה ופעולות מרכזיות,31588,,,,,
2012,"""00332821""",רזרבה להתיקרויות חטיבה,1810,,,,,
2012,"""00333101""",מדען ראשי - מחקרים,2215,,,,,
2012,"""00333401""",מדען ראשי - מחקרים רב,36610,,,,,
2012,"""00333402""",פיתוח הכפר - תוכניות,7315,,,,,
2012,"""00333403""",שימור קרקע - פעילות רב,1597,,,,,
2012,"""00333405""",השקעות בינוי ואחזקת,539,,,,,
2012,"""00333406""",השקעות בינוי ואחזקת,310,,,,,
2012,"""00333410""",עתודה לפעילות רב שנתית,19287,,,,,
2012,"""00333501""",תקציב המשרד,11649,,,,,
2012,"""00333502""",תקציב מינהל המחקר,5322,,,,,
2012,"""00333503""",תשתיות ומענקי השקעות,1881,,,,,
2012,"""00340101""",שירותים מרכזיים,38310,2014,"""00343001""",הוצאות שכר,48710,"""00340101"""
2012,"""00340102""",אמרכלות ופעולות,6774,2014,"""00343002""",תפעול ופעולות,24437,"""00340102, 00340401"""
2012,"""00340202""",יחידת רעידות אדמה,1580,2014,"""00343003""",יעילות השימוש באנרגיה,595,"""00341203"""
2012,"""00340401""",מחשוב ומערכות מידע,1599,2014,"""00343004""",מדען ראשי,5800,"""00341101"""
2012,"""00340602""",יחידת המכרות,791,2014,"""00343005""",מנהל הדלק ואוצרות טבע,21050,"""00341402"""
2012,"""00340603""",שירותים מרכזיים,44821,2014,"""00343006""",ייעוץ מקצועי ומחקרים,22349,"""00341301"""
2012,"""00340604""",אמרכלות,22296,2014,"""00343101""",הוצאות שכר,64688,"""00340603"""
2012,"""00340605""",ועדת היגוי לבורות ים,1885,2014,"""00343102""",תפעול ופעולות,19253,"""00340604, 00340605, 00340602"""
2012,"""00340606""",רזרבה להתייקרויות,2133,2014,"""00343201""",רזרבה להתייקרויות,6152,"""00341801"""
2012,"""00341101""",פיתוח אנרגיות חלופיות,6250,,,,,
2012,"""00341203""",יעילות השימוש באנרגיה,1324,,,,,
2012,"""00341301""",יצירת מידע והפצתו,4726,,,,,
2012,"""00341402""",פיקוח במשק הדלק,3679,,,,,
2012,"""00341703""",תשתית מידע לחפושי נפט,449,,,,,
2012,"""00341801""",רזרבה להתייקרויות,1937,,,,,
2012,"""00350101""",הועדה לאנרגיה אטומית,147927,2014,"""00350101""",הועדה לאנרגיה אטומית,147927,"""00350101"""
2012,"""00360101""",שירותים מרכזיים,201160,2014,"""00363001""",שכר,290683,"""00360101"""
2012,"""00360102""",מערך הסברה,72,2014,"""00363002""",תפעול,128823,"""00360104, 00360109"""
2012,"""00360104""",אמרכלות,42222,2014,"""00363003""",מטה- מדען ראשי,29369,לא יודע
2012,"""00360109""",מיכון,11588,2014,"""00364001""",היחידה ליחסי עבודה,5261,"""00361310"""
2012,"""00360201""",פעולות הממונה על התקינה,65,2014,"""00364002""",רשם האגודות השיתופיות,2484,"""00361311"""
2012,"""00360203""",תקציב מנהלי התעשייה,42,2014,"""00364003""",מנהל הבטיחות והבריאות,12917,"""00361313"""
2012,"""00360225""",המעבדה לפיסיקה,146,2014,"""00364004""",רשם המהנדסים,5,"""00361314"""
2012,"""00360226""",פעולות המפקח על,43,2014,"""00364005""",מינהל הסדרת ואכיפת,14614,"""00361315"""
2012,"""00360230""",שירותים מרכזיים מרכז,889,2014,"""00364006""",מינהל מחקר וכלכלה,14727,לא יודע
2012,"""00360240""",עידוד סחר פנים,25,2014,"""00364007""",נציבות שוויון,771,"""00361317"""
2012,"""00360250""",עידוד למחקר,1430,2014,"""00364008""",היחידה לכוח אדם בשעת,135,"""00361414"""
2012,"""00360601""",מטה לקידום עסקים,390,2014,"""00364009""",מטה תחום התעסוקה,7800,"""00361447"""
2012,"""00360602""",פעולות מינהל סחר חוץ,1181,2014,"""00364101""",סבסוד שהות ילדי הורים,1371118,"""00361422"""
2012,"""00360603""","נציגויות מסחריות בחו""ל",33430,2014,"""00364201""",אנשים עם מוגבלות-עידוד,11469,"""00361401"""
2012,"""00360604""",פעולות הממונה על ההיצף,25,2014,"""00364202""",האוכלוסיה הערבית-עידוד,154363,"""00361446"""
2012,"""00360607""",רשות לשיתוף פעולה,223,2014,"""00364203""",האוכלוסיה החרדית-עידוד,84383,"""00361440"""
2012,"""00360801""",רזרבה,8657,2014,"""00364204""",אוכלוסיות ייעודיות-,103679,לא יודע
2012,"""00361310""",יחסי עבודה,5746,2014,"""00364205""",משפחות חד הוריות-עידוד,15000,"""00361429"""
2012,"""00361311""",איגוד שיתופי,2977,2014,"""00364301""",שכר,102200,"""00361517"""
2012,"""00361312""",פיקוח על בטיחות,1902,2014,"""00364302""",תפעול ופעולות,78941,"""00361518, 00361521,00361523"""
2012,"""00361313""",יחידה לבטיחות תעסוקתית,15393,2014,"""00364303""",כלים תומכי השמה,2960,"""00361526"""
2012,"""00361314""",רישום מהנדסים ואדריכלים,7,2014,"""00364304""",רזרבה להתייקרויות,7831,"""00361525"""
2012,"""00361315""",פיקוח על חוקי עבודה,10683,2014,"""00364401""","תפעול, פעולות ושירותים",6026,"""00361701"""
2012,"""00361317""",נציבות לשוויון בעבודה,744,2014,"""00364403""",הכשרת מבוגרים,110687,"""003617011,003617012"""
2012,"""00361401""",שילוב מוגבלים שוק,5825,2014,"""00364404""",מרכזי הכשרה ממשלתיים,7771,"""00361709"""
2012,"""00361410""",הרשות לתכנון כח אדם,5103,2014,"""00364405""",הכשרת נוער - בתי,540944,"""00361713, 00361714,00361715,00361718,00361707"""
2012,"""00361414""",היחידה לכח אדם בשעת,176,2014,"""00364406""",הכשרת הנדסאים וטכנאים,159541,"""00361713"""
2012,"""00361422""",האגף לתעסוקת נשים,1064702,2014,"""00364501""",עתודה ליישום מדיניות,190914,"""00362401"""
2012,"""00361430""",תוכנית לשילוב מקבלי,20501,2014,"""00364502""",רזרבה להתייקרויות,101695,"""00362402"""
2012,"""00361440""",פיתוח תוכניות לשילוב,15000,2014,"""00366001""",מנהלת השירות,126249,"""00040114"""
2012,"""00361446""",תוכנית החומש למגזר,3000,,,,,
2012,"""00361517""",שירותים מרכזיים,12210,,,,,
2012,"""00361518""",לשכות שרות התעסוקה,65595,,,,,
2012,"""00361521""",אמרכלות,41643,,,,,
2012,"""00361523""",מחשוב,8939,,,,,
2012,"""00361525""",רזרבה להתייקרויות,7787,,,,,
2012,"""00361701""",מטה האגף,6418,,,,,
2012,"""00361702""",שרותים פדגוגיים,761,,,,,
2012,"""00361704""",בחינות מקצועיות,626,,,,,
2012,"""00361705""",רשום חשמלאים,8,,,,,
2012,"""00361706""",מטה הכשרת טכנאים,2442,,,,,
2012,"""00361707""",מטה הכשרת נוער,20557,,,,,
2012,"""00361709""",מרכזי הכשרה ממשלתיים,9490,,,,,
2012,"""00361710""","הכשרת כ""א בתחבורה",219,,,,,
2012,"""00361711""",קורסים למבוגרים,46209,,,,,
2012,"""00361712""",ביטוח למבוגרים,3175,,,,,
2012,"""00361713""",הכשרת הנדסאים וטכנאים,165030,,,,,
2012,"""00361714""",הכשרה מקצועית - נוער,29314,,,,,
2012,"""00361715""",הכשרת נוער פר תלמיד,317610,,,,,
2012,"""00361718""",אימון מקצועי לנוער,3409,,,,,
2012,"""00362401""",רזרבה,163847,,,,,
2012,"""00362402""",רזרבה להתייקרויות,60173,,,,,
2012,"""00362410""",עתודה לפרישות,913,,,,,
2012,"""00370101""",תשומות כח אדם,37943,2014,"""00370101""",שכר,41421,"""00370101"""
2012,"""00370102""",שרותים מרכזיים אמרכלות,14182,2014,"""00370102""",מנהלה,18437,"""00370102, 00370103"""
2012,"""00370103""",מידע ובקרה,3600,2014,"""00370104""",חברות תשתית תיירותית,6823,"""00370104"""
2012,"""00370104""",חברות תשתית תיירותית,6824,2014,"""00370208""",הכשרת כח אדם ושירותי,4847,חדש
2012,"""00370208""","תקינה, תפעול ואיכות",4506,2014,"""00370212""",המרכז לפיתוח המקומות,9013,"""00370212"""
2012,"""00370212""",המרכז לפיתוח המקומות,10076,2014,"""00370304""",שיווק תיירות בישראל,14736,"""00370304"""
2012,"""00370304""",שיווק תיירות בישראל,15757,2014,"""00370316""",פעולות שיווק תיירות,85264,"""00370316"""
2012,"""00370305""","הוצאות כלליות, שכר",22450,2014,"""00370405""","פעולות תכנון, פיתוח",697,"""00370405"""
2012,"""00370316""",פעולות שיווק תיירות,145962,2014,"""00370408""","אסטרטגיה, מדיניות,",21388,"""00370408"""
2012,"""00370405""","פעולות תכנון, פיתוח",483,2014,"""00370601""",רזרבה,6124,"""00370601"""
2012,"""00370407""",חונכות עסקית,212,2014,"""00370901""",אשראי לענף המלונאות,17276,"""00370901"""
2012,"""00370408""","אסטרטגיה, מדיניות,",2847,,,,,
2012,"""00370601""",רזרבה,4459,,,,,
2012,"""00370701""",מענקים על פי חוק,31227,,,,,
2012,"""00370702""",מענקים מינהליים,24848,,,,,
2012,"""00370704""",מענקים לפיתוח התיירות,20000,,,,,
2012,"""00370801""",רזרבה,2362,,,,,
2012,"""00370901""",אשראי לענף המלונאות,7176,,,,,
2012,"""00380201""","מענקי מחקר ופיתוח עפ""י",531740,2014,"""00383001""",מענקי מחקר ופיתוח,362634,"""00380201"""
2012,"""00380202""","מענקים לשלבי מו""פ",357891,2014,"""00383002""","מענקי מו""פ לשלבים",519538,"""00380202"""
2012,"""00380203""","תשתיות מו""פ ומכוני מחקר",49394,2014,"""00383003""","תשתיות מו""פ",49512,"""00380203"""
2012,"""00380204""","מו""פ בין לאומי",201851,2014,"""00383004""","מו""פ בין-לאומי",302850,"""00380204"""
2012,"""00380205""",בדיקת פרויקטים ומנהלות,41931,2014,"""00383010""",רזרבה,32000,"""00380215"""
2012,"""00380215""",רזרבה להתיקרויות,42710,2014,"""00384001""",החוק לעידוד השקעות הון,330474,"""00380301, 00380303, 00380310"""
2012,"""00380301""",מענקים לפי חוק,209637,2014,"""00384002""",מסלולי תמיכה מינהליים,244590,לא יודע
2012,"""00380303""",ערבות מדינה (תיקון 39),13310,2014,"""00384003""",עסקים קטנים ובינוניים,153999,"""00381205, 00381203, 00381201"""
2012,"""00380310""",רזרבה להתייקרויות,8500,2014,"""00384004""",קידום יצוא וסחר חוץ,100526,"""00380401,00380404,003606"""
2012,"""00380401""",פתוח שווקים ליצוא ידע,20,2014,"""00384009""",פעולות כלליות לקידום,10445,לא יודע
2012,"""00380404""","תמיכות בשיווק לחו""ל",26613,2014,"""00385001""","תקינה, איכות והסמכה",3630,"""00380901"""
2012,"""00380701""",תמיכה בפעולות גופים,20857,2014,"""00386001""",מלאי חירום,20633,"""00320404"""
2012,"""00380901""",פעולות בתחום התקינה,4114,2014,"""00388001""",רזרבה,44608,"""00382001"""
2012,"""00381201""",חונכות,49100,,,,,
2012,"""00381203""",מימושי ערבויות מדינה,145838,,,,,
2012,"""00381901""",מכרזי העסקה במפעלים,38081,,,,,
2012,"""00381902""",עתודה לתוכניות תעסוקה,63283,,,,,
2012,"""00382001""",רזרבה להתיקרויות,8816,,,,,
2012,"""00390110""",שירותים מרכזיים,35741,2014,"""00391101""",שכר,35593,"""00390110"""
2012,"""00390111""",מינהל וארגון,5947,2014,"""00391102""",מנהל וארגון,9795,"""00390111"""
2012,"""00390112""",כלכלה ותקציבים,340,2014,"""00391103""",חשבות,200,"""00390113"""
2012,"""00390113""",חשבות,200,2014,"""00391104""",אגף הספקטרום,150,"""00390890"""
2012,"""00390116""",מחשוב,727,2014,"""00391105""",המועצה לשידורי הכבלים,8454,"""00390430"""
2012,"""00390430""",המועצה לשידורי כבלים,3998,2014,"""00391201""",רזרבה,1626,"""00391001"""
2012,"""00390611""",שירותים מרכזיים,49,,,,,
2012,"""00390720""",שירותים מרכזיים,728,,,,,
2012,"""00390890""",פעולות,140,,,,,
2012,"""00391001""",קידום והסדרת התחרות,1600,,,,,
2012,"""00400301""",משרד התחבורה- תפעול,158551,2014,"""00405001""",משרד התחבורה - ראשי,220841,"""00400301, 00400302, 00400303"""
2012,"""00400302""",אגף מערכות מידע,1940,2014,"""00405002""",השירות המטאורולוגי,29697,"""00400601"""
2012,"""00400303""",מינהל התנועה,22678,2014,"""00405101""",רשות הספנות והנמלים,7840,"""00400304"""
2012,"""00400304""",רשות הספנות והנמלים,6958,2014,"""00405201""",רשות התעופה האזרחית,32605,"""00400501"""
2012,"""00400501""",רשות התעופה האזרחית,24429,2014,"""00405301""",הרשות לבטיחות בדרכים,135410,"""00400701"""
2012,"""00400601""",השירות המטאורולוגי,14954,2014,"""00405401""",רשות תחבורה ציבורית,9177,חדש
2012,"""00400701""",הרשות הלאומית לבטיחות,176303,2014,"""00405901""",רזרבה,11290,"""00406001"""
2012,"""00406001""",רזרבות - תחבורה,8516,,,,,
2012,"""00410101""",הוצאות שכר,48997,2014,"""00413001""",הוצאות שכר,52049,"""00410101"""
2012,"""00410102""",אמרכלות,15422,2014,"""00413002""",קניות,25068,"""00410102"""
2012,"""00410103""",פעולות במשק המים,46923,2014,"""00413003""",פעולות במשק המים,20239,"""00410103"""
2012,"""00410104""",רזרבה - הרשות הממשלתית,3182,2014,"""00413101""",רזרבה להתייקרויות,2719,"""00410104"""
2012,"""00420901""",עולים חדשים,209695,2014,"""00420101""",סיוע לחסרי דירה,221442,"""00420901, 00420903"""
2012,"""00420903""",ותיקים חסרי דירה,13370,2014,"""00420102""",סיוע מיוחד,79080,"""00420913"""
2012,"""00420913""",סיוע מיוחד,142012,2014,"""00420201""",עולים חדשים,653605,"""00421201"""
2012,"""00420918""",סיוע באזורי עדיפות,6762,2014,"""00420202""",סיוע לותיקים,784546,"""00421203"""
2012,"""00421201""",עולים חדשים,822257,2014,"""00420301""",עמלות ניהול הסיוע,250500,"""00421302, 00421301"""
2012,"""00421203""",תושבים ותיקים,470169,2014,"""00420401""",רזרבה להתייקרויות,53308,"""00428001"""
2012,"""00421301""",עמלות ניהול תיקי שכר,52375,2014,"""00420402""",רזרבה לעמידה ביעד,7747,חדש
2012,"""00421302""",עמלות תיקי הלוואות,251540,,,,,
2012,"""00428001""",רזרבה להתייקרויות,60854,,,,,
2012,"""00430101""",שכר,44474,2014,"""00430201""",שכר,52873,"""00430101"""
2012,"""00430102""",אמרכלות,13727,2014,"""00430202""",תפעול,16558,"""00430102,00430103,00430104,00430105"""
2012,"""00430103""",מיכון ומחשוב,1511,2014,"""00430301""",מערכות ופרוייקטים,17962,"""00430107,00430108,00430109,00430110,00430112,00430114"""
2012,"""00430104""",פעולות יעודיות,1235,2014,"""00430401""",רזרבה להתייקרויות,1633,"""00430106"""
2012,"""00430105""",עבודות עבור גורמי חוץ,44,2014,"""00430402""",רזרבה לעמידה ביעד,1098,חדש
2012,"""00430106""",רזרבה להתייקרויות,2225,,,,,
2012,"""00430107""",רישום זכויות במקרקעין,244,,,,,
2012,"""00430108""",האצת רישום זכויות,1414,,,,,
2012,"""00430109""",הסדר קרקעות,400,,,,,
2012,"""00430110""",רשת בקרה,100,,,,,
2012,"""00430112""",מחקרים וסקרים,300,,,,,
2012,"""00430114""","עדכון שכבות ממ""ג",991,,,,,
2012,"""00450501""",ביטוח לאומי,7272000,2014,"""00450501""",ביטוח לאומי,7961000,"""00450501"""
2012,"""00450502""",מלוות סחירים,16951000,2014,"""00450502""",מלוות סחירים,18705000,"""00450502"""
2012,"""00450503""",מלוות לא סחירים,7450000,2014,"""00450503""",מלוות לא סחירים,8056000,"""00450503"""
2012,"""00450601""",מלוות העצמאות והפיתוח,1676000,2014,"""00450601""",מלוות העצמאות והפיתוח,1481000,"""00450601"""
2012,"""00450602""",מלוות באמצעות ערבויות,3204000,2014,"""00450602""",מלוות באמצעות ערבויות,3328000,"""00450602"""
2012,"""00450603""",מלוות אחרים,2017000,2014,"""00450603""",מלוות אחרים,2214000,"""00450603"""
2012,"""00460101""",מענקי שיחרור,400250,2014,"""00460101""",מענקי שיחרור,674959,"""00460101"""
2012,"""00460102""",קרן פקדון,1172477,2014,"""00460102""",קרן פקדון,1298239,"""00460102, 00460105, 00460104, 00460106"""
2012,"""00460103""",קרן לסיוע נוסף,98524,2014,"""00460103""",קרן לסיוע נוסף,99428,"""00460103"""
2012,"""00460104""",שכר,7139,2014,"""00460108""",רזרבה להתייקרויות,78112,"""00460108"""
2012,"""00460105""",הוצאות תפעול,2433,2014,"""00460110""",קרן לעידוד רכישת השכלה,64020,"""00460110"""
2012,"""00460106""",מסלקה בנקאית,2910,,,,,
2012,"""00460108""",רזרבה להתייקרויות,52162,,,,,
2012,"""00460110""",קרן לעידוד רכישת השכלה,30000,,,,,
2012,"""00470101""",רזרבה כללית,6256553,2014,"""00470101""",רזרבה כללית,7301381,"""00470101"""
2012,"""00470103""",תקציב התאמות,1500000,2014,"""00470103""",תקציב התאמות,100000,"""00470103"""
2012,"""00510101""",פעולות מרכזיות,51750,2014,"""00510701""",בינוי קריות ומשרדי,48006,"""00510102,00510103"""
2012,"""00510102""",בניית קרית הלאום,12300,2014,"""00510703""",שיפוץ והנגשת משרדי,68991,"""00510101"""
2012,"""00510103""",בניית קריות ממשלה,57810,2014,"""00510801""",גבייה ותשלומי שכר דירה,2000,"""00510201"""
2012,"""00510202""",תכנון - ופעולות מרכזיות,700,2014,"""00510802""",פעולות ניהול ובקרה,20509,"""00510202"""
2012,"""00510601""",רזרבה לעמידה ביעד,3790,2014,"""00510901""",רזרבה לעמידה במגבלה,4315,"""00510601"""
2012,"""00520105""",רכישה ופתוח אמצעים,67926,2014,"""00523001""",פיתוח משרד,96081,"""00521002,00521003,00521007"""
2012,"""00520106""",פרוייקטים במחשוב,133533,2014,"""00524001""",פיתוח שירות בתי הסוהר,133422,"""00520311,00520321,00520322,00520330"""
2012,"""00520117""",הקמה ושיפוץ מבני משטרה,61528,2014,"""00525001""",רכישה פיתוח אמצעים,114669,"""00520105"""
2012,"""00520130""",רזרבה להתייקרויות,8125,2014,"""00525002""",פרוייקטים במחשוב,130955,"""00520106"""
2012,"""00520321""",קשר ומערכות מידע,18430,2014,"""00525003""",הקמה ושיפוץ מבני משטרה,107816,"""00520117"""
2012,"""00520322""",בינוי ותשתיות,68854,2014,"""00525004""",רזרבה להתייקרויות,13293,"""00520130"""
2012,"""00520330""",רזרבה להתייקרויות,2700,,,,,
2012,"""00521002""",פרויקטים במשרד לביטחון,912,,,,,
2012,"""00521003""",פרוייקטים לבינוי,14540,,,,,
2012,"""00521007""",רזרבה להתייקרויות,478,,,,,
2012,"""00530102""",שיפור מבני בתי משפט,929,2014,"""00531001""",הוצאות פיתוח,104600,"""00530102,00530201,00530301"""
2012,"""00530201""",פיתוח משרד המשפטים,22672,2014,"""00531101""",רזרבות,2163,"""00530501"""
2012,"""00530301""",בינוי בתי-משפט,146500,,,,,
2012,"""00530501""",רזרבה,16950,,,,,
2012,"""00540101""",שכר ופעולות,24836,2014,"""00541001""",שכר,24627,הפוך - סעיף שכר ופעולות מ-2012 הפצל לשכר ותפעול
2012,"""00540102""",רזרבות,697,2014,"""00541002""",תפעול,10189,הפוך - סעיף שכר ופעולות מ-2012 הפצל לשכר ותפעול
2012,"""00540201""",שכר ופעולות,20367,2014,"""00541080""",רזרבה,3168,"""005401"""
2012,"""00540202""",רזרבות,611,2014,"""00541101""",שכר,2805,הפוך - סעיף שכר ופעולות מ-2012 הפצל לשכר ותפעול
2012,"""00540301""",תקציב רגיל,91035,2014,"""00541102""",תפעול,6193,הפוך - סעיף שכר ופעולות מ-2012 הפצל לשכר ותפעול
2012,"""00540302""",תקציב פיתוח,44974,2014,"""00541180""",רזרבה,279,חדש
2012,"""00540303""",רזרבה להתייקרויות,4206,2014,"""00541201""",המועצה הישראלית,3793,"""00540801"""
2012,"""00540501""",שכר,4351,2014,"""00541280""",רזרבה,117,חדש
2012,"""00540502""",פעולות הרשות,7384,2014,"""00541301""",רשות הטבע והגנים,156087,"""00540301"""
2012,"""00540503""",רזרבות,357,2014,"""00543001""",שכר ופעולות,31997,"""00540201"""
2012,"""00540601""",שכר ופעולות,9883,2014,"""00543101""",שכר,8867,"""00540501"""
2012,"""00540701""",פעולות הסדרה,39078,2014,"""00543102""",הוצאות תפעול ופעילות,22923,"""00540502"""
2012,"""00540801""",המועצה הישראלית,5068,2014,"""00543201""",פעולות הסדרה,44233,"""00540701"""
2012,"""00550401""",רזרבה לפיתוח - אוצר,18516,,,,,
2012,"""00551001""",פיתוח רשות המיסים,7927,,,,,
2012,"""00551004""",מערכות תשתית וציוד קצה,5888,,,,,
2012,"""00560101""",נציבות שוויון זכויות,7204,,,,,
2012,"""00600210""",בניית כיתות לימוד,393865,2014,"""00600210""",בניית כיתות לימוד,1339643,"""00600210"""
2012,"""00600215""",תשתיות היקפיות למבני,17720,2014,"""00600215""",תשתיות היקפיות למבני,32253,"""00600215"""
2012,"""00600301""",מענקים להצטידות,14740,2014,"""00600301""",מענקים להצטידות,16692,"""00600301"""
2012,"""00600601""",חידוש מבנים במערכת,229976,2014,"""00600601""",חידוש מבנים במערכת,439257,"""00600601"""
2012,"""00600801""",רזרבה לעמידה ביעדים,20308,2014,"""00600801""",רזרבה לעמידה ביעדים,53438,"""00600801"""
2012,"""00670202""","ביה""ח ממשלתיים",83690,2014,"""00670202""","ביה""ח ממשלתיים",94275,"""00670202"""
2012,"""00670203""",מוסדות ציבוריים,925,2014,"""00670203""",מוסדות ציבוריים,707,"""00670203"""
2012,"""00670205""",תשתיות לשילוב חולי נפש,621,2014,"""00670205""",תשתיות לשילוב חולי נפש,475,"""00670205"""
2012,"""00670301""",תכנון,1449,2014,"""00670301""",תכנון,1104,"""00670301"""
2012,"""00670302""",סקטור ממשלתי,92989,2014,"""00670302""",סקטור ממשלתי,40869,"""00670302"""
2012,"""00670401""",הצטיידות,2890,2014,"""00670401""",הצטיידות,2198,"""00670401"""
2012,"""00670501""",פרוייקט מיחשוב מרכזי,23763,2014,"""00670501""",פרוייקט מיחשוב מרכזי,13763,"""00670501"""
2012,"""00670601""",רזרבה להתייקרויות,6728,2014,"""00670601""",רזרבה להתייקרויות,7108,"""00670601"""
2012,"""00671905""","תמיכה בקופ""ח כללית עפ""י",75434,2014,"""00671905""","תמיכה בקופ""ח כללית עפ""י",69524,"""00671905"""
2012,"""00671906""",תמיכה בפיתוח תשתיות,21986,2014,"""00671906""",תמיכה בפיתוח תשתיות,93313,"""00671906"""
2012,"""00680110""",פעילות אכיפה,78302,2014,"""00681101""",מטה ולשכות אוכלוסין,199962,"""00680401"",""00680401"",""00680403"""
2012,"""00680113""",מיכון,2927,2014,"""00681102""",מחשוב,47431,"""00680402"""
2012,"""00680115""",יחידת התובעים,2987,2014,"""00681103""",תעודות זיהוי חכמות,88794,"""00680501"""
2012,"""00680117""",פעולות למתן היתרים,350,2014,"""00681201""",מינהל האכיפה,106837,"""00680110"""
2012,"""00680320""",מדור התשלומים,21715,2014,"""00681202""",טיפול במורחקים,14499,"""00680111"""
2012,"""00680401""",מטה,162833,2014,"""00681203""",מינהל היתרים למעסיקים,29877,"""00680117"""
2012,"""00680402""",מחשוב,23922,2014,"""00681301""",כללי,12773,"""00680801"""
2012,"""00680403""",ועדות השגה,5311,2014,"""00689001""",רזרבה להתייקרויות +,14555,"""00680901"""
2012,"""00680404""",לשכות מנהל אוכלוסין,10142,,,,,
2012,"""00680501""",תעודות זהות ודרכונים,142302,,,,,
2012,"""00680503""",ארכיב ממוחשב,10004,,,,,
2012,"""00680504""",מטה ייעודי לפרוייקט,366,,,,,
2012,"""00680701""",מטה הרשות למאגר,9286,,,,,
2012,"""00680801""",מטה יעודי,12587,,,,,
2012,"""00680901""",רזרבה להתייקרויות,14130,,,,,
2012,"""00700901""",עולים חדשים,170505,2014,"""00700101""",הלוואות לדיור לחסרי,216921,"""00700903"""
2012,"""00700903""",ותיקים חסרי דירה,323456,2014,"""00700102""",סיוע מיוחד,13784,"""00700913"""
2012,"""00700913""",סיוע מיוחד,51647,2014,"""00700103""",אשראי מסובסד והשתתפות,37893,"""00700917"""
2012,"""00700916""",סיוע באזורי עדיפות,80761,2014,"""00700201""","תכנון, פיקוח ומדידות",41600,"""00706701"""
2012,"""00700917""",אשראי מסובסד והשתתפות,41515,2014,"""00700202""",עבודות פיתוח לבנייה,9254,לא יודע
2012,"""00701101""",רזרבה להתייקרויות אשראי,21392,2014,"""00700203""",תשתיות לבנייה חדשה,32000,"""00706703"",""00706702"""
2012,"""00706701""",תכנון ופיקוח,18809,2014,"""00700204""",עבודות פיתוח בניהול,28000,"""00706724"""
2012,"""00706702""",תשתיות לבנייה חדשה,11950,2014,"""00700205""",פעולות תומכות בבניה,109500,לא יודע
2012,"""00706703""",תשתיות לבניה חדשה,12400,2014,"""00700206""",משק סגור מודיעין,2000,"""00707002"""
2012,"""00706704""",דיור לקשיש,42000,2014,"""00700207""",משק סגור אלעד,2000,"""00707003"""
2012,"""00706705""",השלמות פיתוח לבנייה,4000,2014,"""00700208""",משק סגור מעלה אדומים,4000,"""00707005"""
2012,"""00706713""",תקן מוסדות ציבור עבור,10600,2014,"""00700209""",משק סגור ראש העין,2000,"""00707006"""
2012,"""00706716""",רזרבה,23629,2014,"""00700210""",משק סגור חומת שמואל,2000,"""00707007"""
2012,"""00706721""",פינוי בינוי והתחדשות,7000,2014,"""00700211""",משק סגור יבנה,2000,"""00707009"""
2012,"""00706724""","חברות מנהלות ממ""י",33371,2014,"""00700212""",משק סגור חריש,7000,"""00707011"""
2012,"""00706901""",רכישת דירות נכסי רכישה,27000,2014,"""00700213""",משק סגור נצרת עלית,3000,"""00707013"""
2012,"""00706903""",שיקום שכונות והשלמת,28000,2014,"""00700214""",בנייה כפרית,66204,"""00706909"""
2012,"""00706904""",פיתוח ותשתיות בישובי,16619,2014,"""00700301""",שיקום שכונות ותשתיות,54513,"""00706903"""
2012,"""00706905""",השתתפות במימון הקמת,10505,2014,"""00700302""",ריכוז מאמץ,30050,"""00706933"""
2012,"""00706906""",פינויים ופדיון זכויות,2000,2014,"""00700303""",התחדשות עירונית,13000,"""00706721"""
2012,"""00706908""","חידוש, אחזקה, והרחבת",30750,2014,"""00700304""",פיתוח תשתיות ומוסדות,25000,"""00706904"""
2012,"""00706909""",בנייה כפרית,37837,2014,"""00700306""",תקן מוסדות ציבור,22000,"""00706713"""
2012,"""00706910""",פיתוח מערכות מידע,16000,2014,"""00700401""",פעולות שוטפות,199000,"""00706911"""
2012,"""00706911""",פעולות שונות,45950,2014,"""00700402""",אבטחת מזרח ירושלים,56448,"""00706914"""
2012,"""00706914""",אבטחה,35000,2014,"""00700501""",מכר הדיור הציבורי,141000,"""00706926"""
2012,"""00706923""",סבסוד תשתיות באזורי,90000,2014,"""00700505""",דיור מוגן,55011,"""00706704"""
2012,"""00706926""",מבצע מכירת דירות הדיור,93000,2014,"""00700506""",רכישת דירות נכסי רכישה,35500,"""00706901"""
2012,"""00706927""",הסכם עמידר,7500,2014,"""00700507""",תחזוקת הדיור הציבורי,73984,"""00706908"""
2012,"""00706928""",הסכם שיקמונה,1000,2014,"""00700602""",יישובי חולות חלוצה,3260,"""00707102"""
2012,"""00706929""",תוכנית לחיזוק הצפון,7700,2014,"""00700605""",מזרח לכיש,3000,"""00707105"""
2012,"""00706931""",תכנית לפיתוח הנגב על,2000,2014,"""00700701""",רזרבה להתייקרויות,40208,"""00701101"""
2012,"""00706932""",ישן מול חדש,2000,,,,,
2012,"""00706933""","""ריכוז מאמץ"" - שיקום",6000,,,,,
2012,"""00706934""",הסכם עמיגור,4000,,,,,
2012,"""00707002""",מודיעין,16000,,,,,
2012,"""00707003""",אלעד,2980,,,,,
2012,"""00707005""",מעלה אדומים 07,2000,,,,,
2012,"""00707006""",ראש העין,10000,,,,,
2012,"""00707007""",חומת שמואל,4000,,,,,
2012,"""00707009""",יבנה,5500,,,,,
2012,"""00707011""",חריש,4000,,,,,
2012,"""00707102""",ישובי חולות חלוצה,3500,,,,,
2012,"""00707104""",ניצן,2000,,,,,
2012,"""00707105""",מזרח לכיש,4000,,,,,
2012,"""00707226""",מימון התחייבויות עד,94641,,,,,
2012,"""00731301""",פעולות נוספות במשק,36193,2014,"""00733001""",פעולות שונות במשק המים,76613,"""00731301"""
2012,"""00731903""",פיתוח מפעלי קולחין,384164,2014,"""00733101""",פיתוח מפעלי קולחין,386182,"""00131903"""
2012,"""00732002""",ניקוז,10167,2014,"""00733201""",מענקים ואשראי לתשתיות,387288,"""00732201"""
2012,"""00732102""",מענקים להקמת תאגידי,457599,2014,"""00733301""",מענקים לתאגידי מים,382684,"""00732102"""
2012,"""00732201""",פיתוח תשתיות ביוב,278000,2014,"""00733401""",רזרבה להתייקרויות,33868,"""00732301"""
2012,"""00732203""",תוכניות סיוע מיוחדות,121500,,,,,
2012,"""00732301""",רזרבה להתייקרויות,39827,,,,,
2012,"""00760109""",פיתוח אזורי תעשייה,49301,2014,"""00761001""",השקעה בפיתוח תשתיות,38034,"""00760109"""
2012,"""00760121""",רזרבה להתייקרויות,1679,2014,"""00768001""",רזרבה,1176,"""00760121"""
2012,"""00780104""",פיתוח תשתיות תיירותיות,46594,2014,"""00780104""",פיתוח תשתיות תיירותיות,90620,"""00780104"""
2012,"""00780107""",פיתוח תשתית ציבורית,5870,2014,"""00780111""",רזרבה להתיקרויות,14629,"""00780111"""
2012,"""00780110""",הגנות ים המלח,32820,2014,"""00780201""","מענקים עפ""י חוק",56000,"""00780201,00370701,00370702,00370704"""
2012,"""00780111""",רזרבה להתיקרויות,2787,2014,"""00780301""",החברה להגנות ים המלח,98934,",""00780110"",""00780114"""
,,,,2014,"""00780302""",פיתוח ים המלח,40510,חדש
,,,,2014,"""00780303""",קציר ים המלח,190000,חדש
2012,"""00793002""",כבישים עירוניים,975000,2014,"""00795001""",רכבת ישראל,2787129,"""00830602"""
2012,"""00793101""",ירושלים - מערכת הסעת,215940,2014,"""00795002""",תחבורה ציבורית והסעת,2703552,"""00793105"""
2012,"""00793102""",מטרופולין תל-אביב -,412000,2014,"""00795101""",כבישים בין-עירוניים,5901317,"""00794005,007934,007935"""
2012,"""00793105""",תחבורה ציבורית,492700,2014,"""00795102""",כבישים עירוניים,1070257,"""00793002"""
2012,"""00793201""","תוכניות אב, תכנון",105500,2014,"""00795201""",הרשות הלאומית לבטיחות,129560,"""00794102"""
2012,"""00793401""",נתיבי ישראל,1725001,2014,"""00795301""",פיתוח משרדי,36000,"""00794201"""
2012,"""00793501""",חוצה ישראל,70000,2014,"""00796001""",רזרבה,287459,"""00794301"""
2012,"""00794005""",חברת מעצ,3950000,,,,,
2012,"""00794103""",תאגיד הרשות הלאומית,129560,,,,,
2012,"""00794201""",פיתוח אחר,36000,,,,,
2012,"""00794301""",רזרבה,171441,,,,,
2012,"""00830401""",השקעות שונות,473929,2014,"""00830201""",הוצאות פיתוח,25488,
2012,"""00830402""",רזרבה לרפורמה בתכנון,24788,2014,"""00830401""",השקעות שונות,1388154,"""00830401"""
2012,"""00830501""","מרכב""ה",73684,2014,"""00830402""",רזרבה לרפורמה בתכנון,37473,"""00830402"""
2012,"""00830502""",פעולות מיוחדות,54531,2014,"""00830502""",פעולות מיוחדות,219915,"""00830502"""
2012,"""00830503""",ממשל זמין,49850,2014,"""00830504""",פרויקטי מחשוב רוחביים,63475,"""00830504"""
2012,"""00830504""",פרויקטי מחשוב רוחביים,19977,2014,"""00830505""",התקשוב הממשלתי,215000,"""00830503"""
2012,"""00830602""",רכבת ישראל,2039016,2014,"""00830603""",גופים במשבר - מימון,555059,"""00830603"""
2012,"""00830603""",גופים במשבר - מימון,577589,2014,"""00830701""",מימון תוכניות הבראה,872241,"""00830701"""
2012,"""00830701""",מימון תוכניות הבראה,518000,,,,,
2012,"""00840501""",ביטוח לאומי,9097000,2014,"""00840501""",ביטוח לאומי,10859000,"""00840501"""
2012,"""00840502""",מלוות סחירים,59540000,2014,"""00840502""",מלוות סחירים,60693000,"""00840503"""
2012,"""00840503""",מלוות לא סחירים,13061000,2014,"""00840503""",מלוות לא סחירים,14034000,"""00840503"""
2012,"""00840601""",מלוות העצמאות והפיתוח,6362000,2014,"""00840601""",מלוות העצמאות והפיתוח,7375000,"""00840601"""
2012,"""00840602""",מלוות באמצעות ערבויות,1518000,2014,"""00840602""",מלוות באמצעות ערבויות,950000,"""00840602"""
2012,"""00840603""",מלוות אחרים,778000,2014,"""00840603""",מלוות אחרים,2951000,"""00840603"""
2012,"""00890307""",שכר,21198,2014,"""00890101""",פעילות המדפיס הממשלתי,77601,"""00890309"""
2012,"""00890309""",פעולות המדפיס,53790,2014,"""00890201""",פעילות לשכת הפרסום,311248,"""00891002"""
2012,"""00890401""",רזרבות להתייקרויות,3209,2014,"""00895001""",רזרבות,12074,"""00890401"""
2012,"""00891001""",שכר,10603,2014,"""00898901""",הכנסות המדפיס,80280,"""00898901"""
2012,"""00891002""",פעולות הלשכה,301417,2014,"""00899001""",הכנסות,320643,"""00899001"""
2012,"""00891003""",רזרבה,8496,,,,,
2012,"""00898901""",הכנסות המדפיס,78197,,,,,
2012,"""00899001""",הכנסות,320516,,,,,
2012,"""00940101""","מרכז רפואי ע""ש ד""ר",903180,2014,"""00940101""","מרכז רפואי ע""ש ד""ר",1015474,
2012,"""00940102""","מרכז רפואי ע""ש שיבא תל",319052,2014,"""00940102""","מרכז רפואי ע""ש שיבא תל",470019,
2012,"""00940105""",העברה להכנסות מרכזיות,136916,2014,"""00940105""",העברה להכנסות מרכזיות,190193,
2012,"""00940201""","בי""ח ע""ש רמב""ם חיפה",632484,2014,"""00940201""","בי""ח ע""ש רמב""ם חיפה",781988,
2012,"""00940202""","קניות בי""ח רמב""ם חיפה",223585,2014,"""00940202""","קניות בי""ח רמב""ם חיפה",226215,
2012,"""00940205""",העברה להכנסות מרכזיות,36011,2014,"""00940205""",העברה להכנסות מרכזיות,78039,
2012,"""00940301""","בי""ח נהריה - הוצאות",414644,2014,"""00940301""","בי""ח נהריה - הוצאות",552420,
2012,"""00940302""","קניות בי""ח נהריה",136455,2014,"""00940302""","קניות בי""ח נהריה",100893,
2012,"""00940401""","בי""ח ע""ש וולפסון חולון",360158,2014,"""00940401""","בי""ח ע""ש וולפסון חולון",474690,
2012,"""00940402""","בי""ח ע""ש וולפסון חולון",104328,2014,"""00940402""","בי""ח ע""ש וולפסון חולון",114801,
2012,"""00940501""","בי""ח אסף הרופא צריפין",496189,2014,"""00940501""","בי""ח אסף הרופא צריפין",616268,
2012,"""00940502""","בי""ח ע""ש אסף הרופא",152986,2014,"""00940502""","בי""ח ע""ש אסף הרופא",189328,
2012,"""00940601""","בי""ח הלל יפה חדרה -",290117,2014,"""00940601""","בי""ח הלל יפה חדרה -",433541,
2012,"""00940602""","בי""ח הלל-יפה חדרה -",98303,2014,"""00940602""","בי""ח הלל-יפה חדרה -",98853,
2012,"""00940701""","מרכז רפואי ע""ש ברזילי",304384,2014,"""00940701""","מרכז רפואי ע""ש ברזילי",443534,
2012,"""00940702""","מרכז רפואי ע""ש ברזילי",95122,2014,"""00940702""","מרכז רפואי ע""ש ברזילי",47765,
2012,"""00940801""","הוצאות שכר בי""ח פוריה",164549,2014,"""00940801""","הוצאות שכר בי""ח פוריה",249857,
2012,"""00940802""",קניות,38710,2014,"""00940802""",קניות,19610,
2012,"""00940901""","בי""ח זיו-צפת - הוצאות",189881,2014,"""00940901""","בי""ח זיו-צפת - הוצאות",315402,
2012,"""00940902""","קניות בי""ח - צפת",31954,2014,"""00940902""","קניות בי""ח - צפת",5555,
2012,"""00941001""","בי""ח עירוני ממשלתי חיפה",258196,2014,"""00941001""","בי""ח עירוני ממשלתי חיפה",399747,
2012,"""00941002""","בי""ח עירוני ממשלתי חיפה",65714,2014,"""00941002""","בי""ח עירוני ממשלתי חיפה",8072,
2012,"""00941101""",מרכז רפואי עירוני,970379,2014,"""00941101""",מרכז רפואי עירוני,1281039,
2012,"""00941102""",מרכז רפואי עירוני,344046,2014,"""00941102""",מרכז רפואי עירוני,278523,
2012,"""00941105""",העברה להכנסות מרכזיות,9817,2014,"""00941205""",העברת הכנסות בתי חולים,619808,
2012,"""00941205""",העברת הכנסות בתי חולים,552073,2014,"""00947101""","הכנסות מרכז רפואי ע""ש",1675686,
2012,"""00942003""",תכנית מאגר הכנסות,1,2014,"""00947201""","הכנסות רמב""ם",1086242,
2012,"""00947101""","הכנסות מרכז רפואי ע""ש",1359148,2014,"""00947301""","הכנסות בי""ח וולפסון",589491,
2012,"""00947201""","הכנסות רמב""ם",892079,2014,"""00947401""","הכנסות בי""ח נהריה -",653313,
2012,"""00947301""","הכנסות בי""ח וולפסון",464485,2014,"""00947501""","הכנסות ב""ח ע""ש אסף",805596,
2012,"""00947401""","הכנסות בי""ח נהריה -",551100,2014,"""00947601""","הכנסות בי""ח הלל יפה",532394,
2012,"""00947501""","הכנסות ב""ח ע""ש אסף",649177,2014,"""00947701""","הכנסות מרכז רפואי ע""ש",491299,
2012,"""00947601""","הכנסות בי""ח הלל יפה",388421,2014,"""00947801""","הכנסות בי""ח פוריה",269467,
2012,"""00947701""","הכנסות מרכז רפואי ע""ש",399505,2014,"""00947901""","הכנסות בי""ח צפת",320957,
2012,"""00947801""","הכנסות בי""ח פוריה",203258,2014,"""00948001""","הכנסות בי""ח עירוני",407819,
2012,"""00947901""","הכנסות בי""ח צפת",221834,2014,"""00948101""",הכנסות מרכז רפואי,1559562,
2012,"""00948001""","הכנסות בי""ח עירוני",323911,2014,"""00948201""",השלמת הכנסות בתי חולים,619808,
2012,"""00948101""",הכנסות מרכז רפואי,1324243,,,,,
2012,"""00948201""",השלמת הכנסות בתי חולים,552073,,,,,
2012,"""00950201""",הוצאות נמל חדרה,32000,2014,"""00951001""",הוצאות,41994,
2012,"""00957205""",הכנסות נמל חדרה,32000,2014,"""00957201""",הכנסות נמל חדרה,41994,
2012,"""00980109""",הוצאות שכר,174020,2014,"""00982001""",שכר וכוח אדם,194040,
2012,"""00980115""",מינהל,22090,2014,"""00982002""","מיקור חוץ, תפעול",177096,
2012,"""00980116""",הוצאות אמרכלות,61453,2014,"""00982101""",שמירה על הקרקע,101500,
2012,"""00980201""",הוצאות כלליות,30500,2014,"""00982102""",ניהול נכסי הדיור,56500,
2012,"""00980211""",מיפוי ומדידות,27000,2014,"""00982201""","הוצאות כלליות לשיווק,",183953,
2012,"""00980231""",שירותי מידע (מיכון),37762,2014,"""00982202""",החזרים ופסקי דין,230000,
2012,"""00980241""",שמירה על קרקע,86829,2014,"""00982203""",תמורת היטל השבחה,720000,
2012,"""00980304""",תכנון ופיתוח,164210,2014,"""00982204""",תכנון,112200,
2012,"""00980314""",פיתוח באמצעות חברות,47000,2014,"""00982205""",פיתוח,804973,
2012,"""00980315""",השתתפות בפיתוח,131605,2014,"""00982206""",פינויים,883291,
2012,"""00980322""",פינויים כלכליים,158568,2014,"""00982207""",הנחות בקרקע,1000000,
2012,"""00980323""",פינויים אחרים,10000,2014,"""00982208""",הרשות להסדרת הבדואים,400000,
2012,"""00980331""",החזרים בגין ביטול,436500,2014,"""00982301""",העברות לבעלים,1972000,
2012,"""00980332""",תמורת היטל השבחה,300000,2014,"""00982401""",הקרן לשטחים פתוחים,85000,
2012,"""00980402""",פיצויים בעד הפקעות,30000,2014,"""00982501""",רזרבות להתייקרויות,4147,
2012,"""00980403""",החזר חוב האפוטרופוס,20000,2014,"""00987201""",הכנסות מהשכרת נכסים,50000,
2012,"""00980412""",רכישות,198000,2014,"""00987211""",דמי חכירה שנתיים,450000,
2012,"""00980501""",רזרבה,3577,2014,"""00987221""",הכנסות שונות,202000,
2012,"""00980601""",הנחות בקרקע למגורים,383459,2014,"""00987301""",דמי היתר,700000,
2012,"""00980602""",הנחות בקרקע לתעסוקה,292427,2014,"""00987302""",דמי הסכמה,109000,
2012,"""00980603""",הקצאה למפוני גוש קטיף,130000,2014,"""00987312""",דמי חכירה מהוונים מבניה,15000,
2012,"""00980701""",רזרבה להוצאות בגין,300000,2014,"""00987313""",דמי חכירה מהוונים,3103699,
2012,"""00980801""",הלוואות מקרקעי רשות,400000,2014,"""00987314""",דמי חכירה מהוונים אחרים,1580000,
2012,"""00980802""",העברות מקרקעי המדינה,1000000,2014,"""00987315""",מכירת מקרקעין,100000,
2012,"""00980805""",העברות לקרן קימת לישראל,600000,2014,"""00987331""",הכנסות שונות,25000,
2012,"""00981001""",הרשות להסדרת התיישבות,400000,2014,"""00987332""",הכנסות מפרויקטים,40000,
2012,"""00981101""",הקרן לשטחים פתוחים,55000,2014,"""00987401""",החזר הכנסות שלא מויינו,1,
2012,"""00987211""",דמי חכירה שנתיים,468000,2014,"""00987501""",רזרבה להכנסות בגין,500000,"""00987501"""
2012,"""00987221""",הכנסות שונות,232000,2014,"""00987601""",הכנסות נכסי רשות,50000,"""00987601"""
2012,"""00987301""",דמי היתר,1000000,,,,,
2012,"""00987302""",דמי הסכמה,104000,,,,,
2012,"""00987312""",דמי חכירה מהוונים מבניה,15000,,,,,
2012,"""00987313""",דמי חכירה מהוונים,1550000,,,,,
2012,"""00987314""",דמי חכירה מהוונים אחרים,1420000,,,,,
2012,"""00987315""",מכירת מקרקעין,150000,,,,,
2012,"""00987331""",הכנסות שונות,10000,,,,,
2012,"""00987332""",הכנסות מפרויקטים,40000,,,,,
2012,"""00987501""",רזרבה להכנסות בגין,460790,,,,,
2012,"""00987601""",הכנסות נכסי רשות,50210,,,,,
,,,,,,,,
,,,,,,,,
,,,,,,,,
,,,,,,סעיפים שהתפרקו,,"""00250134"""